Slot,Square,Multiply,Reduce
0,42,41,42
1,42,42,42
2,0,0,0
3,0,0,0
4,0,0,0
5,0,0,0
6,0,0,0
7,0,0,0
8,0,0,0
9,0,0,0
10,0,0,0
11,0,0,0
12,0,0,0
13,0,0,0
14,0,0,0
15,0,0,0
16,0,0,0
17,0,0,0
18,0,0,0
19,0,0,0
20,0,0,0
21,0,0,0
22,0,0,0
23,0,0,0
24,0,0,0
25,0,0,0
26,0,0,0
27,0,0,0
28,0,0,0
29,0,0,0
30,0,0,0
31,0,0,0
32,0,0,0
33,0,0,0
34,0,0,0
35,0,0,0
36,42,42,0
37,0,0,0
38,0,0,0
39,0,0,0
40,0,0,0
41,0,42,41
42,41,0,41
43,0,42,41
44,0,42,41
45,0,42,41
46,0,42,41
47,0,42,41
48,0,42,41
49,0,42,41
50,0,42,41
51,41,0,41
52,0,42,41
53,0,42,41
54,0,42,41
55,0,42,41
56,0,42,0
57,0,0,0
58,0,0,0
59,0,42,41
60,0,42,41
61,0,42,41
62,0,42,41
63,0,42,41
64,0,0,41
65,0,42,41
66,0,42,41
67,0,42,41
68,41,0,41
69,0,42,41
70,0,42,41
71,0,42,0
72,0,42,41
73,0,42,41
74,0,42,41
75,0,42,41
76,0,42,41
77,0,0,41
78,0,42,41
79,0,42,41
80,42,42,0
81,0,42,41
82,0,42,41
83,41,0,41
84,0,42,41
85,0,42,41
86,0,42,41
87,0,42,41
88,0,42,41
89,0,42,41
90,0,42,41
91,0,42,41
92,0,42,41
93,0,42,41
94,0,42,41
95,0,42,41
96,0,42,41
97,0,42,41
98,0,42,41
99,0,42,41
100,41,42,41
101,0,42,41
102,0,42,41
103,0,42,41
104,0,42,41
105,42,42,0
106,0,0,41
107,41,42,41
108,0,42,41
109,0,42,41
110,0,42,41
111,0,42,0
112,0,42,41
113,0,42,41
114,0,42,41
115,0,42,41
116,0,0,41
117,41,0,41
118,41,0,41
119,41,0,41
120,0,42,41
121,0,42,41
122,41,42,41
123,0,42,41
124,0,42,41
125,0,42,41
126,0,42,41
127,0,42,41
128,0,42,41
129,0,42,41
130,41,0,41
131,0,42,41
132,0,42,41
133,0,42,41
134,0,42,41
135,0,42,41
136,0,42,41
137,0,42,41
138,41,42,41
139,0,42,41
140,0,42,41
141,0,42,41
142,41,0,41
143,41,0,41
144,41,0,41
145,0,42,41
146,0,42,41
147,0,42,41
148,0,42,41
149,0,42,41
150,0,42,0
151,0,42,41
152,0,42,41
153,0,42,41
154,0,42,41
155,0,42,41
156,0,42,41
157,42,42,0
158,41,0,41
159,0,42,41
160,41,0,41
161,0,42,41
162,0,42,41
163,0,42,41
164,0,42,41
165,0,42,41
166,42,42,0
167,42,42,0
168,0,42,41
169,41,0,41
170,0,42,41
171,0,42,41
172,0,42,41
173,0,42,41
174,0,42,41
175,0,42,41
176,41,42,41
177,41,0,41
178,0,42,41
179,42,42,0
180,0,42,41
181,0,42,41
182,0,42,41
183,0,42,41
184,0,42,41
185,0,42,41
186,0,42,41
187,0,42,41
188,0,42,41
189,0,42,41
190,0,42,41
191,41,42,41
192,0,0,41
193,0,42,41
194,0,0,41
195,0,42,41
196,0,42,41
197,0,42,41
198,0,42,41
199,0,42,41
200,41,0,41
201,0,42,41
202,0,0,41
203,0,42,41
204,0,42,41
205,0,0,41
206,41,0,41
207,0,42,41
208,41,42,41
209,0,0,41
210,0,42,41
211,42,42,42
212,0,42,41
213,0,42,41
214,41,0,41
215,0,42,0
216,0,42,41
217,0,42,41
218,41,0,41
219,0,42,41
220,0,42,41
221,41,0,41
222,0,42,41
223,0,42,41
224,0,42,41
225,0,42,41
226,41,0,41
227,41,0,41
228,0,42,41
229,41,42,41
230,0,42,41
231,0,42,41
232,0,42,41
233,41,42,41
234,0,42,41
235,0,0,41
236,41,42,41
237,0,42,41
238,0,42,41
239,0,42,41
240,41,0,41
241,0,42,41
242,0,42,41
243,41,0,41
244,0,42,41
245,0,42,0
246,41,42,41
247,0,42,41
248,0,42,0
249,42,42,0
250,0,42,41
251,0,42,41
252,41,42,41
253,41,42,41
254,42,42,0
255,0,42,41
256,0,42,41
257,0,42,41
258,0,42,41
259,0,0,41
260,0,42,41
261,0,0,41
262,0,42,41
263,0,42,41
264,0,42,0
265,42,42,0
266,42,42,0
267,0,42,41
268,0,42,41
269,0,42,41
270,0,42,41
271,0,42,41
272,0,42,41
273,0,42,41
274,0,42,41
275,0,42,0
276,42,42,0
277,41,0,41
278,0,42,41
279,0,42,41
280,0,42,41
281,0,42,41
282,0,42,41
283,0,42,41
284,0,42,41
285,0,0,41
286,41,0,41
287,0,42,41
288,0,42,41
289,0,42,41
290,0,42,41
291,0,42,41
292,41,42,41
293,0,42,41
294,0,42,41
295,0,42,41
296,0,42,41
297,0,42,41
298,0,42,41
299,41,0,41
300,41,42,41
301,0,42,0
302,41,42,41
303,0,42,41
304,0,42,41
305,0,42,0
306,42,42,0
307,0,42,41
308,0,42,41
309,41,0,41
310,0,42,41
311,0,42,41
312,41,42,41
313,0,42,41
314,0,42,41
315,41,42,41
316,0,42,41
317,41,42,41
318,42,42,0
319,0,42,41
320,41,0,41
321,0,42,41
322,0,42,41
323,0,42,41
324,0,42,41
325,0,42,41
326,0,0,41
327,0,42,41
328,0,42,41
329,0,42,41
330,0,42,41
331,0,0,41
332,41,0,41
333,0,42,41
334,0,42,41
335,41,42,41
336,0,42,41
337,0,42,41
338,0,42,41
339,0,0,41
340,0,0,41
341,0,42,41
342,0,42,41
343,0,42,41
344,0,42,41
345,0,42,41
346,0,42,41
347,0,0,41
348,41,42,41
349,0,42,41
350,0,42,41
351,0,42,41
352,0,42,41
353,41,0,41
354,0,42,41
355,0,42,0
356,0,42,41
357,0,42,41
358,0,42,0
359,0,42,41
360,0,42,41
361,0,42,41
362,0,42,41
363,41,0,41
364,42,42,0
365,0,42,41
366,0,42,41
367,0,42,41
368,0,42,41
369,0,42,0
370,41,42,41
371,0,42,41
372,0,42,41
373,0,42,41
374,0,42,41
375,0,42,41
376,0,42,41
377,0,42,41
378,41,42,41
379,0,0,41
380,0,42,41
381,0,42,41
382,0,42,41
383,0,42,41
384,41,0,41
385,41,0,41
386,0,42,41
387,0,42,41
388,0,0,41
389,0,42,41
390,0,42,41
391,0,42,41
392,0,42,41
393,0,42,41
394,0,42,41
395,0,42,41
396,0,42,41
397,0,42,41
398,0,42,41
399,0,42,41
400,0,42,41
401,41,0,41
402,41,42,41
403,0,42,41
404,0,42,41
405,0,42,41
406,41,42,41
407,0,42,41
408,0,42,0
409,0,42,41
410,0,42,41
411,0,42,41
412,41,0,41
413,0,42,41
414,0,42,41
415,0,42,41
416,0,42,41
417,0,42,41
418,41,42,41
419,0,42,41
420,41,0,41
421,41,42,41
422,0,0,41
423,0,42,41
424,0,42,41
425,41,42,41
426,0,42,41
427,41,42,41
428,41,42,41
429,0,0,41
430,0,42,41
431,0,0,41
432,0,42,41
433,0,42,0
434,0,42,41
435,0,42,41
436,41,42,41
437,0,42,41
438,0,42,41
439,0,42,41
440,41,42,41
441,0,42,41
442,0,42,41
443,0,42,41
444,0,42,41
445,41,42,41
446,41,42,41
447,0,42,41
448,0,42,41
449,41,0,41
450,41,42,41
451,0,42,41
452,41,42,41
453,0,42,41
454,0,42,41
455,0,0,41
456,41,42,41
457,0,42,41
458,0,42,41
459,0,42,41
460,0,42,41
461,0,42,41
462,0,42,41
463,0,0,41
464,41,0,41
465,0,42,41
466,0,42,41
467,0,42,41
468,0,42,41
469,0,42,41
470,41,0,41
471,0,42,41
472,0,42,41
473,0,42,41
474,0,42,41
475,0,42,41
476,42,42,0
477,0,42,41
478,0,42,41
479,0,42,41
480,41,42,41
481,41,42,41
482,0,42,41
483,0,42,41
484,0,42,41
485,0,42,41
486,41,0,41
487,42,42,0
488,0,42,41
489,0,42,41
490,0,42,41
491,0,42,41
492,41,0,41
493,0,42,41
494,41,0,41
495,0,42,41
496,0,42,41
497,0,42,0
498,0,42,41
499,0,42,41
500,0,42,41
501,0,42,41
502,0,42,41
503,0,42,41
504,0,42,41
505,41,42,41
506,0,42,41
507,0,42,41
508,0,42,41
509,0,42,41
510,0,42,41
511,0,42,41
512,41,0,41
513,0,42,41
514,0,42,41
515,0,42,41
516,41,0,41
517,41,42,41
518,0,42,41
519,0,42,41
520,0,42,41
521,0,42,41
522,0,42,41
523,0,0,41
524,0,42,0
525,0,42,41
526,0,42,41
527,0,42,41
528,42,42,0
529,0,42,41
530,0,42,41
531,0,42,41
532,0,42,41
533,0,42,41
534,0,42,41
535,0,42,41
536,0,42,41
537,0,42,41
538,0,42,0
539,0,42,41
540,0,41,0
541,0,42,41
542,0,42,41
543,0,42,41
544,41,42,41
545,41,0,41
546,0,42,41
547,0,42,41
548,41,42,41
549,0,42,41
550,0,42,41
551,0,42,41
552,0,0,41
553,0,42,41
554,0,42,41
555,0,42,41
556,0,0,42
557,0,0,0
558,41,0,41
559,0,0,41
560,42,42,42
561,0,42,41
562,0,42,41
563,0,42,41
564,41,0,41
565,0,42,42
566,0,42,41
567,0,42,41
568,0,42,41
569,0,42,41
570,0,42,41
571,0,42,41
572,0,42,41
573,0,42,41
574,0,42,41
575,0,42,41
576,0,42,41
577,0,42,41
578,0,42,41
579,0,42,41
580,0,42,41
581,0,42,41
582,0,42,41
583,41,0,41
584,42,42,0
585,0,42,41
586,0,42,41
587,41,42,41
588,0,42,41
589,0,0,41
590,0,42,41
591,0,42,41
592,0,42,41
593,0,42,41
594,0,42,41
595,41,42,41
596,0,42,41
597,0,42,41
598,0,0,41
599,41,0,41
600,0,42,41
601,41,0,41
602,41,42,41
603,0,42,41
604,0,42,41
605,0,42,41
606,0,42,41
607,0,42,0
608,0,42,41
609,0,42,41
610,0,42,41
611,0,42,41
612,0,42,41
613,0,42,41
614,0,42,41
615,0,42,41
616,0,42,41
617,0,42,41
618,0,42,41
619,41,42,41
620,0,42,41
621,0,42,41
622,0,42,41
623,0,42,41
624,0,42,41
625,0,42,41
626,0,42,41
627,0,42,41
628,0,42,41
629,0,0,41
630,41,42,41
631,0,42,41
632,0,42,41
633,0,42,41
634,0,42,41
635,0,42,41
636,41,0,41
637,41,42,41
638,42,42,0
639,0,42,41
640,41,42,41
641,0,42,41
642,41,0,41
643,0,42,41
644,0,42,41
645,0,42,41
646,0,42,41
647,0,42,41
648,0,42,0
649,0,42,41
650,0,0,41
651,41,42,41
652,0,42,41
653,0,42,41
654,0,42,41
655,0,42,41
656,41,0,41
657,0,42,41
658,0,42,41
659,0,42,41
660,42,42,0
661,0,42,41
662,0,42,41
663,0,42,41
664,0,42,41
665,0,42,41
666,41,0,41
667,0,42,41
668,0,42,41
669,0,42,41
670,0,42,41
671,0,0,41
672,0,42,41
673,42,42,0
674,0,42,41
675,0,42,41
676,0,42,41
677,0,42,41
678,0,42,41
679,0,42,41
680,0,42,41
681,0,42,41
682,0,42,41
683,0,42,41
684,41,42,41
685,0,42,41
686,41,0,41
687,0,42,41
688,0,42,41
689,0,42,41
690,0,42,41
691,0,42,41
692,0,42,41
693,0,0,41
694,0,42,41
695,0,42,0
696,42,42,0
697,41,0,41
698,41,0,41
699,0,42,41
700,0,42,41
701,0,42,41
702,41,0,41
703,0,0,41
704,0,42,41
705,41,42,41
706,0,42,41
707,0,42,41
708,0,42,41
709,0,42,41
710,0,42,41
711,41,42,41
712,0,42,41
713,0,42,0
714,0,42,41
715,0,42,41
716,0,42,41
717,0,42,41
718,41,0,41
719,0,42,0
720,42,42,0
721,41,0,41
722,41,42,41
723,0,42,41
724,0,42,41
725,0,42,41
726,0,0,41
727,0,42,41
728,41,0,41
729,41,0,41
730,0,42,41
731,0,42,41
732,0,42,41
733,0,42,41
734,0,42,41
735,0,42,41
736,0,42,41
737,0,42,41
738,41,0,41
739,41,42,41
740,42,42,0
741,0,0,41
742,0,42,41
743,0,42,41
744,0,42,41
745,0,42,41
746,0,42,41
747,0,42,41
748,0,42,42
749,0,42,41
750,0,42,41
751,0,42,41
752,0,42,41
753,0,42,41
754,0,42,41
755,0,42,41
756,41,0,41
757,0,0,41
758,41,0,41
759,0,42,41
760,0,42,41
761,41,0,41
762,0,42,41
763,0,42,41
764,0,42,41
765,0,42,41
766,0,42,41
767,0,42,41
768,0,0,41
769,0,0,41
770,0,42,41
771,0,42,41
772,41,0,41
773,41,0,41
774,0,42,41
775,42,42,0
776,0,42,41
777,0,42,41
778,0,42,41
779,0,42,41
780,0,42,41
781,41,0,41
782,0,42,41
783,42,42,0
784,0,42,41
785,0,42,41
786,0,42,41
787,0,42,41
788,42,42,0
789,0,42,41
790,0,42,41
791,0,42,41
792,41,0,41
793,0,0,41
794,83,0,42
795,0,42,41
796,0,42,41
797,0,42,41
798,0,42,41
799,0,42,41
800,0,42,41
801,0,42,41
802,0,42,42
803,42,41,84
804,0,83,84
805,42,83,42
806,42,41,84
807,42,41,42
808,42,83,42
809,42,41,42
810,42,41,84
811,42,41,84
812,42,83,42
813,42,41,42
814,0,41,83
815,42,83,42
816,42,41,42
817,42,83,84
818,0,41,42
819,42,41,42
820,0,42,42
821,42,41,42
822,42,41,42
823,0,42,41
824,0,42,41
825,0,42,0
826,0,42,41
827,42,42,42
828,0,42,41
829,0,42,41
830,0,42,41
831,0,42,41
832,42,42,42
833,0,42,41
834,0,42,42
835,42,42,42
836,0,42,41
837,0,42,41
838,0,42,41
839,0,42,0
840,0,42,42
841,41,42,41
842,42,41,42
843,0,42,41
844,42,41,42
845,0,42,0
846,41,42,41
847,0,42,41
848,0,42,41
849,42,0,42
850,0,42,41
851,0,42,41
852,0,42,41
853,42,42,42
854,42,41,0
855,0,42,41
856,41,0,41
857,41,42,41
858,0,42,41
859,0,42,41
860,0,0,41
861,0,42,41
862,0,42,41
863,0,42,41
864,0,42,41
865,0,42,41
866,41,42,41
867,0,42,41
868,0,42,41
869,0,42,41
870,0,42,41
871,0,42,41
872,0,42,41
873,0,42,41
874,0,42,41
875,0,42,41
876,0,42,41
877,0,42,41
878,41,0,41
879,41,0,41
880,0,42,41
881,0,42,41
882,0,42,41
883,0,42,41
884,0,42,41
885,42,41,42
886,0,42,41
887,0,0,41
888,0,42,41
889,0,42,41
890,0,42,41
891,0,42,41
892,0,42,41
893,41,0,41
894,41,42,41
895,0,42,41
896,41,0,41
897,0,42,41
898,0,42,41
899,0,42,0
900,0,42,41
901,0,42,41
902,0,42,41
903,0,0,41
904,0,42,0
905,41,42,41
906,0,0,41
907,0,42,41
908,0,42,0
909,41,42,41
910,42,42,0
911,0,42,41
912,0,42,41
913,0,42,41
914,0,42,41
915,41,42,41
916,42,41,42
917,0,42,41
918,0,42,41
919,41,42,41
920,42,42,0
921,41,0,41
922,0,0,41
923,0,42,41
924,41,0,41
925,0,42,41
926,0,42,41
927,0,42,41
928,41,42,41
929,0,42,41
930,0,42,41
931,41,0,41
932,0,42,41
933,0,42,41
934,0,42,41
935,0,0,41
936,0,42,41
937,0,42,0
938,0,42,41
939,0,0,41
940,0,42,41
941,41,0,41
942,0,42,41
943,41,42,41
944,0,42,41
945,0,42,41
946,0,42,41
947,0,42,41
948,41,42,41
949,0,42,41
950,0,42,41
951,0,42,41
952,0,42,41
953,0,42,41
954,0,42,41
955,0,42,0
956,0,42,41
957,0,42,41
958,0,42,41
959,0,42,41
960,0,42,41
961,41,0,41
962,0,42,41
963,0,42,0
964,0,42,41
965,0,42,41
966,0,42,41
967,0,42,41
968,0,42,0
969,0,42,41
970,0,0,41
971,41,42,41
972,41,42,41
973,0,42,41
974,0,42,41
975,0,42,41
976,41,42,41
977,0,42,0
978,0,42,41
979,0,42,41
980,0,42,41
981,42,42,0
982,0,42,41
983,0,42,41
984,0,42,41
985,0,0,41
986,41,0,41
987,0,42,41
988,0,42,41
989,0,42,41
990,41,42,41
991,0,42,41
992,0,42,41
993,0,42,41
994,0,42,41
995,0,0,41
996,0,42,41
997,42,41,42
998,0,42,41
999,41,42,41
1000,0,42,41
1001,0,42,41
1002,0,42,41
1003,41,0,41
1004,41,42,41
1005,0,42,41
1006,0,42,0
1007,0,42,41
1008,0,42,41
1009,0,42,41
1010,41,42,41
1011,0,42,41
1012,0,42,41
1013,0,0,41
1014,0,42,41
1015,41,0,41
1016,0,42,41
1017,0,42,41
1018,0,42,41
1019,41,42,41
1020,41,42,41
1021,0,42,41
1022,41,0,41
1023,0,42,41
1024,0,42,41
1025,0,42,41
1026,0,42,41
1027,0,42,41
1028,0,42,41
1029,0,42,41
1030,41,0,41
1031,0,0,41
1032,41,42,41
1033,41,42,41
1034,0,42,41
1035,0,42,41
1036,0,42,41
1037,41,0,41
1038,0,42,41
1039,0,42,41
1040,0,0,41
1041,0,42,41
1042,41,0,41
1043,41,42,41
1044,0,42,0
1045,42,83,42
1046,0,42,41
1047,0,42,41
1048,0,42,0
1049,42,42,0
1050,0,42,41
1051,0,42,41
1052,0,42,41
1053,0,0,41
1054,0,42,41
1055,0,42,41
1056,42,42,83
1057,0,0,0
1058,0,0,0
1059,0,0,0
1060,42,41,42
1061,42,83,42
1062,42,41,84
1063,42,41,42
1064,42,41,42
1065,42,41,42
1066,0,83,42
1067,42,83,42
1068,42,83,42
1069,42,83,42
1070,42,41,42
1071,42,41,42
1072,0,42,42
1073,0,42,42
1074,42,42,41
1075,42,41,42
1076,41,0,41
1077,41,42,41
1078,0,42,41
1079,0,42,41
1080,0,42,41
1081,41,0,41
1082,0,42,41
1083,0,42,41
1084,0,42,41
1085,0,42,41
1086,0,42,41
1087,41,0,41
1088,41,0,41
1089,0,42,41
1090,0,42,41
1091,0,42,0
1092,0,42,41
1093,0,42,41
1094,0,42,41
1095,0,42,41
1096,0,42,41
1097,0,42,41
1098,42,42,0
1099,0,42,41
1100,0,42,41
1101,0,42,41
1102,0,42,41
1103,0,42,41
1104,0,42,41
1105,0,42,41
1106,0,42,41
1107,0,42,41
1108,0,42,41
1109,0,0,41
1110,41,42,41
1111,0,42,0
1112,0,42,41
1113,0,42,41
1114,41,0,41
1115,41,0,41
1116,41,42,41
1117,0,42,41
1118,0,42,41
1119,0,42,41
1120,42,42,0
1121,0,42,41
1122,0,42,41
1123,0,42,41
1124,0,42,41
1125,0,42,41
1126,41,42,41
1127,0,42,41
1128,0,42,41
1129,0,42,0
1130,0,42,41
1131,0,42,41
1132,0,42,41
1133,0,42,41
1134,0,42,41
1135,0,42,41
1136,41,0,41
1137,0,42,0
1138,42,42,0
1139,42,42,0
1140,41,0,41
1141,0,42,41
1142,41,0,41
1143,0,42,41
1144,0,42,41
1145,42,42,0
1146,0,42,41
1147,0,42,41
1148,0,42,41
1149,0,42,41
1150,0,42,41
1151,0,42,41
1152,0,0,41
1153,0,42,0
1154,0,42,41
1155,41,0,41
1156,41,0,41
1157,0,42,41
1158,0,42,0
1159,0,42,41
1160,0,42,41
1161,0,42,41
1162,0,42,41
1163,0,42,41
1164,0,42,41
1165,0,42,41
1166,41,0,41
1167,41,42,41
1168,41,42,41
1169,0,42,41
1170,0,42,41
1171,0,42,41
1172,0,0,41
1173,0,42,41
1174,0,42,41
1175,0,42,41
1176,41,42,41
1177,0,42,41
1178,0,42,41
1179,0,42,41
1180,0,42,41
1181,0,42,41
1182,41,0,41
1183,42,42,0
1184,0,42,41
1185,0,42,41
1186,0,42,41
1187,0,42,41
1188,0,42,41
1189,0,42,41
1190,0,42,41
1191,0,42,41
1192,0,42,41
1193,0,42,41
1194,0,0,41
1195,0,42,41
1196,41,0,41
1197,0,42,41
1198,42,42,0
1199,0,42,41
1200,0,42,41
1201,0,42,41
1202,0,42,41
1203,0,42,41
1204,0,42,41
1205,0,42,41
1206,0,42,42
1207,0,42,41
1208,42,42,0
1209,41,0,41
1210,41,0,41
1211,0,42,41
1212,41,0,41
1213,0,42,41
1214,0,42,41
1215,0,42,0
1216,0,42,41
1217,0,42,41
1218,0,42,41
1219,0,42,41
1220,0,42,41
1221,0,42,41
1222,0,42,41
1223,0,0,41
1224,41,0,41
1225,41,0,41
1226,0,42,41
1227,0,42,41
1228,0,42,41
1229,0,42,41
1230,41,0,41
1231,0,42,41
1232,0,42,41
1233,0,42,41
1234,0,42,41
1235,41,0,41
1236,0,42,41
1237,0,42,41
1238,41,42,41
1239,0,42,41
1240,0,42,41
1241,0,0,41
1242,41,0,41
1243,0,42,41
1244,41,0,41
1245,41,42,41
1246,0,42,41
1247,0,42,41
1248,41,42,41
1249,0,42,41
1250,0,42,41
1251,0,42,41
1252,0,42,0
1253,0,42,41
1254,0,42,41
1255,0,42,41
1256,0,42,41
1257,0,42,41
1258,0,42,41
1259,0,42,0
1260,41,42,41
1261,0,42,0
1262,41,0,41
1263,0,42,41
1264,0,42,0
1265,0,42,41
1266,0,42,0
1267,41,42,41
1268,0,42,41
1269,0,42,41
1270,0,42,41
1271,0,42,41
1272,0,42,41
1273,0,0,41
1274,0,42,41
1275,0,42,41
1276,0,42,41
1277,0,42,0
1278,41,42,41
1279,41,42,41
1280,0,42,0
1281,0,42,41
1282,0,42,41
1283,0,42,41
1284,41,0,41
1285,0,42,41
1286,0,42,41
1287,0,42,41
1288,0,42,41
1289,0,42,41
1290,0,42,41
1291,0,42,41
1292,0,42,41
1293,0,42,41
1294,41,0,41
1295,0,42,41
1296,0,42,41
1297,0,42,41
1298,0,42,41
1299,0,42,41
1300,0,42,41
1301,41,42,41
1302,0,42,0
1303,0,42,41
1304,0,42,41
1305,0,42,41
1306,0,42,41
1307,0,42,41
1308,0,42,0
1309,0,42,0
1310,0,42,41
1311,0,42,41
1312,41,0,41
1313,0,42,41
1314,0,42,41
1315,0,0,41
1316,0,42,41
1317,0,41,42
1318,0,0,0
1319,0,0,0
1320,0,0,0
1321,0,0,0
1322,0,0,0
1323,0,0,0
1324,0,0,0
1325,0,42,41
1326,0,42,41
1327,0,42,41
1328,42,42,0
1329,41,0,41
1330,0,42,41
1331,0,42,41
1332,0,42,41
1333,0,42,41
1334,0,42,41
1335,0,42,41
1336,0,42,41
1337,42,42,0
1338,41,42,41
1339,0,42,41
1340,0,42,41
1341,0,42,41
1342,0,42,41
1343,0,42,41
1344,0,42,41
1345,42,42,0
1346,0,42,41
1347,0,42,41
1348,0,42,41
1349,0,42,41
1350,41,42,41
1351,0,42,41
1352,41,0,41
1353,0,42,41
1354,0,42,41
1355,0,42,41
1356,41,0,41
1357,0,42,41
1358,41,0,41
1359,41,0,41
1360,0,42,41
1361,0,42,41
1362,0,42,41
1363,41,0,41
1364,0,42,41
1365,41,0,41
1366,0,42,41
1367,0,42,41
1368,0,42,41
1369,0,42,41
1370,42,42,0
1371,41,0,41
1372,41,0,41
1373,0,42,41
1374,0,42,41
1375,0,42,41
1376,0,42,41
1377,0,42,41
1378,0,42,41
1379,0,0,41
1380,0,42,41
1381,41,42,41
1382,0,42,41
1383,0,42,41
1384,42,42,0
1385,0,42,41
1386,0,42,41
1387,0,0,41
1388,0,42,41
1389,0,42,41
1390,41,0,41
1391,0,42,41
1392,0,42,41
1393,41,42,41
1394,41,0,41
1395,0,42,41
1396,0,42,41
1397,0,42,41
1398,41,42,41
1399,0,42,41
1400,0,0,41
1401,41,42,41
1402,0,42,41
1403,41,42,41
1404,41,0,41
1405,0,42,41
1406,41,42,41
1407,0,42,41
1408,0,42,41
1409,0,42,41
1410,0,42,41
1411,41,0,41
1412,0,42,41
1413,0,42,41
1414,0,42,41
1415,0,42,83
1416,0,42,41
1417,41,0,41
1418,0,42,41
1419,0,42,41
1420,0,42,41
1421,0,42,41
1422,0,42,41
1423,42,42,0
1424,0,42,41
1425,0,42,41
1426,0,42,41
1427,0,42,0
1428,41,0,41
1429,0,42,41
1430,42,41,42
1431,42,83,42
1432,0,83,83
1433,42,83,42
1434,42,83,42
1435,42,42,42
1436,42,41,42
1437,42,83,42
1438,42,41,42
1439,42,42,42
1440,41,0,41
1441,0,42,41
1442,0,42,0
1443,0,42,41
1444,0,42,41
1445,0,42,41
1446,0,42,0
1447,0,42,41
1448,0,42,41
1449,0,42,41
1450,0,42,41
1451,0,42,41
1452,0,42,41
1453,0,42,41
1454,0,42,41
1455,42,42,42
1456,42,41,42
1457,42,41,42
1458,42,41,42
1459,42,41,42
1460,42,41,42
1461,42,41,42
1462,42,41,42
1463,0,42,42
1464,42,41,42
1465,0,42,42
1466,42,41,42
1467,42,41,42
1468,42,41,42
1469,0,41,42
1470,42,41,42
1471,0,41,42
1472,42,41,42
1473,0,83,41
1474,42,41,42
1475,42,41,84
1476,41,0,41
1477,42,42,0
1478,0,42,41
1479,42,42,0
1480,0,42,41
1481,0,42,41
1482,0,42,0
1483,0,42,42
1484,0,42,41
1485,0,42,41
1486,0,42,41
1487,0,42,41
1488,0,42,41
1489,0,42,41
1490,0,42,41
1491,0,42,41
1492,0,42,41
1493,0,42,41
1494,0,0,41
1495,0,42,41
1496,0,42,41
1497,0,42,41
1498,0,0,41
1499,0,42,41
1500,0,42,41
1501,0,42,41
1502,0,42,41
1503,0,42,41
1504,0,42,41
1505,0,42,41
1506,41,42,41
1507,0,0,41
1508,0,42,41
1509,41,0,41
1510,42,42,0
1511,41,42,41
1512,0,42,41
1513,0,42,41
1514,0,42,41
1515,0,42,41
1516,0,42,41
1517,0,42,41
1518,0,42,41
1519,0,42,41
1520,0,42,41
1521,0,42,41
1522,0,42,41
1523,42,42,0
1524,0,42,41
1525,0,42,41
1526,42,42,0
1527,0,42,41
1528,0,42,41
1529,0,42,41
1530,0,42,41
1531,0,42,41
1532,0,42,41
1533,0,42,41
1534,0,42,41
1535,0,42,41
1536,0,42,41
1537,0,42,41
1538,0,42,0
1539,0,42,41
1540,0,42,41
1541,0,42,41
1542,0,0,41
1543,0,42,41
1544,41,0,41
1545,41,0,41
1546,0,42,41
1547,0,42,41
1548,0,42,41
1549,0,42,41
1550,0,42,41
1551,0,42,41
1552,41,42,41
1553,0,42,41
1554,0,42,41
1555,0,42,41
1556,41,0,41
1557,0,0,0
1558,0,42,41
1559,0,42,41
1560,0,42,41
1561,0,42,41
1562,41,42,41
1563,0,42,41
1564,0,42,41
1565,0,42,41
1566,41,0,41
1567,0,42,41
1568,0,42,41
1569,0,42,41
1570,0,42,41
1571,0,42,41
1572,41,0,41
1573,0,0,41
1574,41,0,41
1575,0,42,41
1576,0,42,41
1577,0,42,41
1578,0,42,41
1579,0,42,41
1580,0,42,41
1581,0,42,41
1582,0,42,41
1583,0,42,41
1584,0,42,41
1585,41,0,41
1586,41,42,41
1587,0,42,41
1588,41,42,41
1589,0,42,41
1590,0,42,41
1591,0,42,41
1592,0,42,41
1593,41,42,41
1594,0,42,41
1595,41,42,41
1596,42,42,0
1597,0,42,41
1598,0,42,41
1599,0,42,41
1600,42,42,0
1601,41,0,41
1602,0,42,41
1603,0,42,41
1604,0,42,41
1605,0,42,41
1606,0,42,41
1607,0,42,41
1608,0,42,41
1609,0,42,41
1610,0,42,41
1611,0,42,41
1612,0,42,41
1613,41,0,41
1614,41,42,41
1615,0,42,41
1616,0,42,41
1617,0,42,41
1618,42,42,42
1619,0,42,41
1620,0,42,41
1621,0,42,41
1622,41,0,41
1623,0,42,41
1624,0,42,41
1625,0,0,41
1626,41,0,41
1627,0,42,41
1628,41,42,41
1629,0,42,41
1630,0,42,41
1631,0,42,41
1632,41,0,41
1633,0,42,41
1634,0,42,41
1635,0,42,41
1636,0,42,41
1637,0,42,41
1638,0,42,41
1639,41,42,41
1640,0,42,41
1641,0,42,41
1642,0,42,41
1643,0,42,41
1644,0,42,41
1645,0,42,41
1646,41,0,41
1647,0,42,41
1648,0,42,41
1649,0,42,41
1650,0,42,41
1651,0,42,41
1652,0,42,41
1653,0,42,41
1654,0,42,41
1655,0,42,41
1656,0,42,41
1657,0,42,41
1658,0,42,41
1659,41,0,41
1660,0,42,41
1661,0,42,41
1662,42,42,0
1663,41,42,41
1664,0,42,41
1665,0,42,41
1666,0,42,41
1667,0,42,41
1668,0,42,41
1669,0,42,41
1670,41,0,41
1671,41,42,41
1672,0,42,41
1673,41,0,41
1674,42,42,0
1675,42,42,0
1676,0,42,41
1677,41,0,41
1678,42,42,0
1679,42,42,0
1680,0,42,0
1681,0,42,41
1682,0,42,41
1683,0,42,41
1684,41,0,41
1685,41,42,41
1686,41,42,41
1687,0,42,41
1688,0,42,41
1689,0,42,41
1690,0,42,41
1691,0,42,41
1692,0,42,41
1693,0,42,41
1694,0,42,41
1695,0,42,41
1696,0,42,0
1697,42,42,0
1698,41,0,41
1699,0,0,41
1700,41,42,41
1701,0,42,41
1702,41,0,41
1703,41,42,41
1704,0,42,41
1705,0,42,0
1706,0,42,41
1707,0,42,41
1708,41,42,41
1709,0,42,41
1710,0,42,41
1711,41,42,41
1712,0,42,41
1713,0,42,41
1714,0,42,41
1715,0,42,41
1716,0,0,41
1717,0,0,41
1718,41,42,41
1719,0,42,41
1720,41,0,41
1721,41,0,41
1722,42,42,0
1723,41,42,41
1724,0,42,41
1725,0,42,41
1726,0,42,0
1727,42,42,0
1728,0,42,41
1729,0,42,41
1730,41,0,41
1731,0,42,41
1732,0,42,41
1733,41,42,41
1734,0,42,41
1735,0,42,41
1736,41,42,41
1737,0,42,41
1738,0,42,41
1739,0,42,41
1740,42,42,0
1741,0,42,41
1742,0,42,41
1743,0,42,41
1744,0,42,41
1745,42,42,0
1746,41,42,41
1747,0,42,41
1748,0,42,0
1749,0,42,41
1750,0,42,41
1751,0,42,41
1752,41,0,41
1753,0,42,0
1754,0,42,41
1755,0,42,41
1756,0,42,41
1757,0,42,0
1758,0,42,41
1759,0,42,41
1760,0,42,41
1761,0,42,41
1762,0,42,41
1763,0,42,41
1764,0,42,41
1765,0,42,41
1766,0,42,41
1767,0,42,41
1768,41,0,41
1769,41,0,41
1770,41,0,41
1771,0,42,41
1772,0,42,41
1773,0,42,0
1774,41,42,41
1775,41,42,41
1776,0,42,41
1777,0,42,41
1778,41,42,41
1779,0,42,41
1780,0,42,41
1781,0,42,41
1782,0,42,41
1783,41,0,41
1784,0,42,41
1785,0,42,41
1786,0,42,41
1787,42,42,0
1788,41,42,41
1789,0,42,41
1790,0,42,41
1791,0,42,41
1792,0,42,41
1793,0,42,41
1794,0,42,41
1795,42,42,0
1796,0,42,41
1797,0,42,41
1798,0,42,41
1799,0,42,41
1800,0,42,41
1801,41,0,41
1802,0,42,41
1803,0,42,41
1804,0,42,41
1805,41,0,41
1806,42,42,0
1807,0,42,0
1808,41,0,41
1809,41,0,41
1810,0,42,41
1811,41,0,41
1812,42,42,0
1813,41,42,41
1814,0,42,41
1815,0,42,41
1816,41,42,41
1817,41,0,41
1818,0,42,41
1819,0,42,41
1820,0,0,41
1821,41,42,41
1822,42,42,0
1823,0,42,41
1824,0,42,41
1825,41,0,41
1826,41,42,41
1827,0,0,41
1828,41,0,41
1829,0,42,41
1830,0,42,41
1831,0,42,41
1832,0,42,41
1833,0,42,41
1834,41,42,41
1835,0,42,41
1836,0,0,41
1837,0,42,41
1838,0,42,0
1839,0,42,41
1840,0,42,41
1841,0,42,41
1842,0,42,41
1843,0,42,41
1844,0,42,41
1845,0,42,41
1846,0,42,41
1847,0,42,41
1848,0,42,41
1849,0,42,41
1850,0,42,41
1851,0,42,41
1852,0,42,41
1853,0,42,41
1854,41,0,41
1855,41,42,41
1856,0,42,41
1857,0,42,41
1858,0,42,41
1859,0,42,41
1860,0,42,41
1861,0,42,41
1862,0,42,41
1863,0,42,41
1864,0,42,41
1865,0,42,41
1866,0,42,41
1867,0,42,41
1868,0,42,41
1869,41,0,41
1870,41,0,41
1871,0,42,41
1872,0,42,41
1873,0,42,41
1874,0,42,41
1875,0,0,41
1876,0,42,41
1877,0,42,41
1878,0,0,41
1879,41,42,41
1880,0,42,41
1881,0,42,41
1882,0,42,41
1883,0,42,41
1884,41,42,41
1885,0,42,41
1886,0,42,41
1887,41,0,41
1888,41,0,41
1889,41,0,41
1890,42,42,0
1891,0,42,41
1892,0,42,41
1893,0,42,41
1894,0,42,41
1895,0,42,41
1896,0,42,41
1897,0,0,41
1898,0,42,41
1899,0,42,0
1900,0,42,41
1901,0,0,41
1902,41,0,41
1903,0,42,41
1904,0,42,41
1905,0,42,41
1906,0,42,41
1907,0,42,41
1908,0,42,41
1909,0,42,41
1910,0,42,0
1911,41,42,41
1912,0,42,41
1913,0,42,41
1914,0,42,41
1915,0,42,41
1916,41,0,41
1917,0,42,41
1918,0,42,41
1919,41,42,41
1920,42,42,0
1921,0,42,41
1922,0,42,41
1923,41,0,41
1924,0,42,41
1925,0,42,41
1926,0,42,41
1927,0,42,41
1928,41,42,41
1929,0,42,41
1930,0,42,41
1931,0,42,41
1932,0,42,41
1933,0,42,41
1934,0,42,41
1935,0,42,41
1936,0,42,41
1937,0,42,41
1938,0,42,41
1939,0,42,41
1940,41,0,41
1941,0,0,41
1942,0,42,41
1943,0,42,41
1944,0,0,41
1945,41,0,41
1946,0,42,41
1947,0,42,41
1948,0,42,41
1949,0,42,41
1950,0,42,41
1951,0,42,0
1952,0,42,41
1953,0,42,41
1954,41,0,41
1955,0,42,41
1956,0,42,41
1957,0,42,41
1958,0,42,41
1959,0,42,41
1960,0,42,41
1961,0,0,41
1962,0,0,41
1963,41,0,41
1964,0,42,41
1965,41,0,41
1966,0,42,41
1967,41,0,41
1968,0,0,41
1969,0,42,41
1970,0,42,41
1971,0,42,41
1972,0,42,41
1973,41,0,41
1974,0,42,41
1975,0,42,41
1976,0,42,41
1977,0,42,41
1978,0,42,41
1979,0,42,41
1980,0,0,41
1981,41,42,41
1982,0,42,41
1983,0,42,41
1984,41,0,41
1985,0,42,41
1986,0,42,41
1987,0,42,41
1988,0,42,41
1989,0,42,41
1990,0,42,41
1991,0,42,41
1992,41,0,41
1993,0,0,41
1994,0,42,41
1995,0,42,41
1996,0,42,41
1997,0,42,41
1998,41,0,41
1999,41,42,41
2000,0,42,41
2001,0,42,41
2002,0,42,41
2003,0,42,41
2004,0,42,41
2005,0,42,41
2006,0,42,41
2007,0,42,41
2008,0,42,41
2009,0,42,41
2010,0,42,41
2011,41,0,41
2012,41,42,41
2013,0,42,41
2014,0,42,41
2015,0,42,41
2016,0,0,41
2017,41,0,41
2018,0,42,41
2019,0,42,41
2020,0,42,41
2021,0,42,41
2022,0,42,41
2023,41,0,41
2024,41,0,41
2025,0,42,41
2026,0,42,41
2027,41,0,41
2028,42,42,0
2029,0,42,41
2030,0,42,41
2031,0,42,41
2032,0,42,41
2033,0,42,41
2034,0,42,41
2035,0,42,41
2036,0,42,41
2037,0,42,41
2038,0,42,41
2039,0,42,41
2040,41,0,41
2041,0,42,41
2042,0,42,41
2043,42,42,0
2044,0,42,41
2045,0,42,41
2046,0,0,41
2047,41,0,41
2048,0,42,41
2049,0,42,41
2050,0,42,41
2051,0,42,41
2052,41,42,41
2053,0,42,0
2054,0,42,41
2055,0,42,41
2056,42,42,42
2057,0,0,0
2058,0,42,41
2059,0,42,41
2060,0,42,41
2061,0,42,41
2062,41,0,41
2063,42,42,0
2064,41,42,41
2065,0,42,41
2066,0,42,41
2067,0,42,41
2068,0,42,0
2069,0,42,41
2070,0,42,41
2071,0,42,41
2072,0,42,41
2073,0,42,41
2074,0,42,41
2075,0,42,41
2076,0,42,41
2077,0,42,41
2078,41,0,41
2079,0,42,41
2080,0,42,0
2081,0,42,41
2082,0,42,41
2083,41,0,41
2084,41,0,41
2085,41,42,41
2086,42,42,0
2087,41,42,41
2088,0,42,41
2089,0,0,41
2090,0,42,41
2091,0,41,0
2092,0,42,41
2093,0,42,41
2094,41,42,41
2095,0,42,41
2096,0,42,41
2097,41,0,41
2098,42,42,0
2099,0,0,41
2100,0,42,0
2101,0,42,41
2102,41,0,41
2103,0,42,41
2104,0,42,41
2105,0,42,41
2106,0,42,41
2107,0,42,41
2108,41,42,41
2109,0,42,41
2110,0,42,41
2111,0,42,41
2112,0,42,41
2113,0,42,41
2114,0,42,41
2115,0,42,41
2116,0,42,41
2117,0,42,41
2118,0,42,41
2119,41,42,41
2120,41,42,41
2121,0,42,41
2122,0,42,41
2123,0,42,41
2124,0,42,41
2125,0,42,41
2126,0,42,41
2127,41,0,41
2128,0,42,41
2129,0,42,41
2130,0,42,41
2131,0,42,41
2132,0,42,41
2133,0,42,41
2134,0,42,41
2135,0,0,41
2136,41,42,41
2137,0,42,41
2138,0,42,41
2139,0,42,41
2140,0,42,41
2141,0,42,41
2142,0,42,41
2143,0,42,41
2144,0,42,41
2145,0,42,41
2146,0,42,41
2147,0,0,41
2148,42,42,0
2149,41,0,41
2150,0,42,41
2151,0,42,41
2152,0,42,0
2153,0,42,41
2154,41,0,41
2155,41,42,41
2156,0,42,41
2157,0,42,0
2158,0,42,0
2159,0,42,41
2160,0,42,41
2161,0,42,41
2162,0,42,41
2163,0,42,41
2164,0,42,41
2165,0,42,41
2166,0,42,41
2167,0,0,41
2168,0,42,41
2169,0,0,41
2170,0,42,41
2171,41,42,41
2172,41,42,41
2173,0,42,41
2174,0,0,41
2175,0,42,41
2176,0,42,41
2177,0,42,41
2178,0,42,41
2179,0,42,41
2180,41,0,41
2181,41,42,41
2182,0,42,41
2183,0,42,41
2184,41,42,41
2185,0,42,41
2186,0,42,41
2187,0,42,41
2188,0,42,41
2189,0,42,41
2190,0,42,41
2191,0,42,41
2192,0,42,41
2193,0,42,41
2194,0,42,41
2195,0,42,41
2196,0,42,41
2197,0,42,41
2198,0,42,41
2199,0,42,41
2200,0,42,41
2201,41,42,41
2202,0,42,41
2203,0,42,41
2204,0,42,41
2205,0,42,41
2206,0,42,41
2207,0,42,41
2208,0,42,41
2209,0,42,41
2210,0,42,41
2211,0,42,41
2212,0,42,41
2213,0,42,41
2214,41,0,41
2215,41,0,41
2216,42,42,0
2217,0,42,41
2218,41,0,41
2219,41,0,41
2220,41,0,41
2221,0,42,0
2222,41,42,41
2223,0,42,41
2224,0,42,41
2225,0,0,41
2226,41,0,41
2227,0,42,41
2228,41,0,41
2229,0,42,41
2230,0,42,41
2231,0,42,41
2232,0,42,41
2233,0,42,41
2234,0,42,41
2235,0,42,41
2236,41,42,41
2237,0,42,41
2238,0,42,41
2239,0,42,41
2240,41,0,41
2241,0,0,41
2242,41,42,41
2243,0,42,41
2244,0,42,41
2245,0,42,41
2246,0,42,41
2247,41,42,41
2248,0,42,41
2249,0,42,41
2250,0,42,41
2251,42,42,0
2252,0,42,41
2253,0,42,41
2254,0,42,41
2255,0,42,41
2256,41,0,41
2257,0,42,41
2258,41,42,41
2259,0,42,41
2260,0,42,41
2261,0,42,41
2262,0,42,41
2263,42,42,0
2264,41,0,41
2265,41,0,41
2266,41,42,41
2267,0,42,41
2268,0,42,41
2269,41,0,41
2270,41,0,41
2271,41,0,41
2272,0,42,41
2273,0,42,41
2274,0,42,41
2275,0,42,41
2276,0,42,41
2277,41,0,41
2278,41,0,41
2279,42,42,0
2280,0,42,41
2281,0,42,41
2282,0,42,41
2283,42,42,0
2284,0,42,41
2285,0,42,41
2286,41,42,41
2287,0,42,41
2288,0,42,41
2289,0,42,41
2290,0,42,41
2291,0,42,41
2292,0,42,41
2293,0,42,41
2294,0,42,41
2295,0,42,41
2296,0,42,41
2297,0,42,41
2298,0,42,41
2299,0,42,41
2300,42,42,0
2301,41,0,41
2302,0,42,41
2303,0,42,41
2304,0,42,41
2305,0,42,41
2306,41,0,41
2307,0,42,41
2308,42,42,0
2309,0,42,41
2310,0,42,41
2311,41,0,41
2312,41,42,41
2313,0,42,41
2314,0,42,41
2315,0,42,41
2316,0,42,41
2317,41,0,41
2318,0,42,41
2319,0,42,41
2320,0,42,41
2321,0,42,41
2322,0,42,41
2323,0,42,41
2324,41,42,41
2325,0,42,41
2326,0,42,41
2327,0,42,41
2328,0,42,41
2329,0,42,41
2330,0,42,41
2331,0,42,41
2332,0,42,41
2333,41,42,41
2334,41,42,41
2335,0,42,41
2336,0,42,41
2337,0,42,41
2338,0,42,41
2339,0,42,41
2340,0,42,41
2341,0,42,41
2342,0,42,41
2343,0,42,41
2344,0,42,41
2345,0,42,41
2346,0,42,41
2347,0,42,41
2348,0,42,41
2349,0,42,41
2350,0,42,41
2351,0,42,41
2352,0,42,41
2353,0,42,41
2354,0,42,41
2355,0,42,41
2356,0,42,41
2357,0,42,41
2358,41,42,41
2359,0,42,41
2360,0,42,41
2361,0,42,41
2362,0,42,41
2363,0,42,41
2364,0,42,41
2365,0,42,41
2366,0,42,41
2367,0,42,41
2368,0,42,41
2369,0,42,41
2370,0,42,41
2371,0,0,41
2372,0,42,41
2373,0,42,41
2374,0,42,41
2375,0,42,41
2376,0,42,41
2377,0,42,41
2378,0,42,41
2379,42,42,0
2380,0,42,41
2381,0,42,0
2382,0,42,41
2383,0,42,41
2384,0,42,41
2385,0,42,41
2386,0,42,41
2387,0,42,41
2388,0,42,41
2389,0,42,41
2390,0,42,41
2391,41,42,41
2392,0,42,41
2393,0,42,0
2394,0,42,41
2395,0,42,41
2396,41,0,41
2397,0,0,41
2398,0,42,41
2399,0,42,41
2400,0,42,41
2401,0,42,41
2402,41,0,41
2403,0,42,41
2404,0,42,41
2405,0,42,41
2406,0,42,41
2407,0,42,41
2408,0,42,41
2409,0,42,41
2410,0,42,41
2411,0,42,41
2412,0,42,41
2413,41,42,41
2414,41,42,41
2415,0,42,41
2416,0,42,41
2417,0,42,41
2418,0,42,41
2419,0,42,41
2420,0,42,41
2421,0,42,41
2422,0,42,41
2423,0,42,41
2424,0,42,41
2425,0,42,41
2426,0,42,41
2427,0,42,41
2428,0,42,41
2429,0,42,41
2430,0,42,41
2431,0,42,41
2432,0,42,41
2433,0,42,41
2434,0,42,41
2435,0,42,41
2436,0,42,41
2437,0,42,41
2438,0,42,41
2439,0,42,41
2440,0,42,41
2441,0,42,41
2442,0,42,41
2443,0,42,41
2444,41,0,41
2445,0,42,41
2446,0,42,41
2447,0,42,0
2448,0,42,41
2449,0,42,41
2450,41,42,41
2451,0,42,41
2452,0,42,41
2453,0,42,41
2454,0,0,41
2455,41,42,41
2456,0,42,41
2457,0,42,41
2458,0,42,41
2459,0,42,41
2460,0,42,41
2461,0,42,41
2462,0,42,41
2463,0,42,41
2464,0,42,41
2465,0,42,41
2466,0,42,41
2467,0,42,41
2468,0,42,41
2469,0,42,41
2470,0,42,41
2471,41,0,41
2472,0,42,41
2473,0,42,41
2474,0,42,41
2475,0,42,41
2476,0,42,41
2477,41,0,41
2478,0,42,41
2479,0,42,41
2480,0,42,41
2481,0,42,41
2482,0,42,41
2483,0,42,41
2484,0,42,41
2485,0,42,41
2486,0,42,41
2487,41,42,41
2488,0,42,41
2489,0,42,41
2490,0,42,41
2491,0,42,41
2492,0,42,41
2493,0,42,41
2494,0,42,41
2495,0,42,41
2496,0,42,41
2497,0,42,41
2498,0,42,41
2499,0,42,41
2500,0,42,41
2501,0,42,41
2502,0,42,41
2503,0,42,42
2504,0,42,41
2505,0,42,41
2506,0,42,41
2507,0,42,41
2508,0,42,41
2509,42,42,0
2510,0,42,41
2511,0,42,41
2512,41,42,41
2513,0,42,41
2514,0,42,41
2515,0,42,0
2516,0,42,41
2517,41,0,41
2518,0,42,41
2519,0,42,41
2520,0,42,41
2521,0,42,41
2522,0,42,41
2523,0,42,41
2524,0,42,41
2525,0,42,41
2526,0,42,41
2527,0,42,41
2528,0,42,41
2529,0,42,41
2530,0,42,41
2531,0,42,41
2532,0,42,41
2533,0,42,41
2534,0,42,41
2535,0,42,41
2536,0,42,0
2537,0,42,41
2538,0,42,41
2539,0,42,41
2540,0,42,41
2541,0,42,41
2542,41,42,41
2543,0,42,41
2544,0,42,41
2545,0,42,41
2546,0,42,41
2547,0,42,41
2548,0,42,41
2549,0,42,41
2550,0,42,41
2551,0,42,41
2552,41,42,41
2553,0,42,41
2554,0,42,41
2555,0,42,41
2556,0,42,41
2557,0,0,0
2558,0,42,41
2559,0,42,41
2560,0,42,41
2561,41,42,41
2562,0,42,41
2563,0,42,41
2564,0,41,42
2565,0,42,41
2566,0,42,41
2567,0,42,41
2568,0,42,41
2569,41,42,41
2570,0,42,41
2571,0,42,41
2572,41,0,41
2573,41,42,41
2574,0,42,41
2575,41,0,41
2576,0,42,41
2577,41,0,41
2578,0,42,41
2579,42,42,0
2580,0,42,41
2581,0,42,0
2582,0,42,41
2583,0,42,41
2584,0,0,41
2585,0,42,41
2586,0,42,41
2587,0,0,41
2588,41,42,41
2589,41,42,41
2590,0,42,41
2591,0,42,41
2592,0,42,41
2593,0,42,41
2594,0,42,41
2595,0,42,41
2596,0,42,41
2597,41,0,41
2598,0,42,41
2599,0,0,41
2600,0,42,41
2601,0,42,41
2602,0,42,41
2603,0,42,41
2604,0,42,41
2605,41,0,41
2606,0,42,41
2607,0,42,41
2608,0,42,41
2609,0,42,41
2610,0,42,41
2611,41,0,41
2612,0,42,41
2613,0,42,0
2614,41,0,41
2615,0,42,41
2616,0,42,41
2617,0,42,41
2618,0,42,41
2619,0,42,41
2620,0,42,41
2621,42,42,0
2622,41,0,41
2623,0,42,41
2624,0,42,41
2625,0,42,83
2626,0,42,41
2627,41,0,41
2628,0,42,41
2629,0,42,41
2630,41,0,41
2631,0,42,41
2632,0,42,41
2633,41,0,41
2634,0,42,41
2635,0,42,41
2636,0,42,41
2637,0,42,41
2638,0,42,41
2639,0,0,41
2640,0,42,0
2641,41,0,41
2642,0,0,41
2643,41,0,41
2644,0,42,41
2645,0,42,41
2646,42,42,0
2647,0,42,41
2648,41,42,41
2649,0,42,41
2650,0,0,41
2651,0,0,41
2652,41,42,41
2653,0,42,41
2654,0,42,41
2655,0,42,41
2656,0,42,0
2657,0,42,41
2658,0,42,41
2659,0,42,41
2660,41,42,41
2661,41,42,41
2662,0,0,41
2663,0,42,41
2664,0,42,41
2665,41,0,41
2666,0,42,41
2667,41,0,41
2668,0,42,41
2669,0,42,0
2670,0,42,41
2671,0,42,41
2672,0,42,41
2673,0,42,41
2674,41,0,41
2675,0,42,41
2676,42,42,0
2677,0,42,41
2678,0,42,41
2679,0,42,41
2680,0,42,0
2681,41,42,41
2682,0,42,41
2683,41,0,41
2684,0,42,41
2685,0,42,41
2686,0,42,41
2687,0,0,41
2688,0,42,41
2689,0,42,41
2690,0,42,41
2691,0,42,41
2692,41,0,41
2693,0,42,41
2694,0,42,41
2695,0,42,41
2696,0,42,41
2697,0,0,41
2698,41,42,41
2699,0,42,41
2700,0,42,41
2701,0,42,41
2702,0,42,0
2703,41,42,41
2704,0,42,41
2705,0,42,41
2706,0,42,41
2707,0,42,41
2708,0,42,41
2709,0,42,41
2710,0,42,41
2711,0,42,41
2712,0,42,41
2713,41,0,41
2714,0,0,41
2715,41,42,41
2716,0,42,41
2717,0,42,41
2718,0,42,0
2719,0,42,41
2720,0,0,41
2721,0,42,41
2722,41,42,41
2723,0,42,41
2724,0,42,41
2725,0,42,41
2726,41,0,41
2727,42,42,0
2728,0,42,41
2729,0,42,41
2730,0,42,41
2731,0,42,41
2732,41,42,41
2733,0,0,41
2734,41,42,41
2735,41,42,41
2736,0,42,41
2737,0,42,41
2738,0,42,41
2739,0,0,41
2740,0,42,41
2741,0,42,41
2742,0,42,41
2743,0,0,41
2744,0,42,41
2745,0,42,41
2746,0,42,41
2747,0,42,41
2748,0,42,41
2749,0,42,41
2750,42,42,0
2751,41,0,41
2752,41,42,41
2753,0,42,41
2754,0,42,0
2755,0,42,41
2756,0,42,41
2757,41,0,41
2758,0,42,41
2759,0,42,41
2760,0,42,41
2761,41,0,41
2762,0,0,41
2763,41,0,41
2764,0,42,41
2765,0,42,41
2766,0,42,41
2767,0,42,41
2768,0,42,41
2769,0,42,41
2770,0,42,41
2771,41,0,41
2772,0,42,41
2773,0,42,41
2774,0,42,41
2775,0,42,41
2776,0,42,41
2777,0,42,41
2778,0,42,41
2779,0,42,41
2780,0,0,41
2781,0,42,41
2782,0,42,41
2783,41,42,41
2784,0,42,41
2785,0,42,41
2786,0,42,41
2787,0,42,41
2788,0,42,41
2789,0,42,41
2790,0,42,41
2791,0,42,41
2792,0,42,41
2793,0,42,41
2794,0,42,41
2795,0,42,41
2796,0,42,41
2797,0,42,41
2798,0,42,41
2799,41,42,41
2800,0,42,41
2801,0,0,41
2802,0,42,41
2803,0,42,41
2804,0,0,41
2805,0,42,41
2806,0,42,41
2807,0,42,41
2808,42,42,0
2809,0,42,0
2810,41,42,41
2811,41,42,41
2812,0,42,41
2813,0,42,41
2814,0,42,41
2815,42,42,0
2816,0,42,41
2817,0,42,41
2818,41,0,41
2819,0,42,41
2820,41,42,41
2821,0,42,41
2822,41,0,41
2823,0,42,41
2824,0,42,41
2825,41,0,41
2826,0,0,41
2827,0,42,41
2828,0,42,41
2829,0,42,41
2830,41,0,41
2831,0,42,41
2832,0,42,41
2833,0,0,41
2834,0,42,41
2835,0,42,41
2836,0,42,41
2837,41,0,41
2838,42,42,0
2839,41,42,41
2840,0,42,41
2841,0,42,41
2842,0,42,41
2843,0,42,41
2844,0,42,41
2845,0,42,41
2846,0,42,41
2847,0,42,41
2848,0,42,41
2849,0,42,41
2850,41,0,41
2851,0,42,41
2852,0,42,41
2853,0,42,41
2854,0,42,41
2855,0,42,41
2856,42,42,0
2857,0,42,41
2858,41,0,41
2859,0,42,41
2860,0,42,41
2861,0,42,41
2862,41,0,41
2863,0,42,41
2864,0,42,41
2865,0,42,41
2866,41,42,41
2867,0,42,41
2868,0,42,41
2869,0,0,41
2870,0,42,41
2871,0,42,41
2872,0,42,41
2873,0,42,41
2874,0,42,41
2875,0,42,41
2876,0,0,41
2877,0,42,41
2878,41,0,41
2879,41,42,41
2880,0,42,41
2881,0,42,41
2882,41,0,41
2883,41,0,41
2884,0,42,0
2885,0,42,41
2886,0,42,41
2887,0,42,41
2888,0,42,41
2889,0,42,41
2890,0,42,41
2891,41,0,41
2892,0,42,41
2893,0,42,41
2894,0,42,41
2895,0,42,41
2896,0,42,41
2897,41,0,41
2898,0,42,0
2899,41,0,41
2900,41,42,41
2901,0,42,41
2902,0,42,41
2903,0,42,41
2904,0,42,41
2905,41,0,41
2906,0,42,41
2907,41,0,41
2908,41,0,41
2909,0,42,41
2910,0,42,41
2911,0,42,41
2912,41,0,41
2913,0,42,41
2914,41,42,41
2915,41,42,41
2916,0,0,41
2917,0,42,41
2918,0,0,41
2919,0,42,41
2920,0,42,41
2921,0,0,41
2922,0,42,41
2923,0,42,41
2924,0,42,41
2925,0,42,41
2926,0,42,41
2927,0,42,41
2928,0,42,41
2929,0,42,41
2930,41,0,41
2931,0,42,41
2932,41,0,41
2933,41,42,41
2934,0,42,41
2935,0,42,41
2936,41,0,41
2937,41,42,41
2938,0,42,41
2939,0,42,41
2940,0,42,41
2941,0,42,41
2942,0,42,41
2943,42,42,0
2944,41,42,41
2945,0,42,41
2946,0,42,41
2947,0,42,41
2948,0,42,41
2949,0,42,41
2950,0,42,41
2951,0,42,41
2952,0,42,0
2953,0,42,41
2954,0,42,41
2955,0,42,41
2956,0,42,41
2957,41,0,41
2958,0,42,41
2959,0,42,41
2960,41,0,41
2961,0,0,41
2962,41,42,41
2963,0,42,41
2964,0,42,41
2965,41,0,41
2966,0,42,41
2967,0,0,41
2968,41,0,41
2969,41,0,41
2970,41,0,41
2971,42,42,0
2972,0,42,41
2973,41,0,41
2974,41,42,41
2975,41,42,41
2976,0,0,42
2977,0,42,41
2978,0,42,0
2979,0,42,41
2980,41,0,41
2981,0,42,41
2982,0,42,41
2983,0,42,41
2984,0,42,41
2985,0,42,41
2986,0,42,41
2987,41,42,41
2988,41,42,41
2989,0,42,41
2990,0,42,41
2991,0,42,41
2992,0,42,41
2993,0,42,41
2994,42,42,0
2995,0,42,41
2996,0,42,41
2997,0,42,41
2998,0,42,41
2999,0,0,41
3000,41,0,41
3001,0,42,41
3002,0,42,0
3003,0,42,41
3004,0,42,41
3005,0,42,41
3006,0,42,41
3007,0,42,41
3008,0,42,41
3009,0,42,41
3010,0,42,41
3011,0,42,41
3012,0,42,41
3013,0,42,41
3014,0,42,41
3015,41,0,41
3016,41,42,41
3017,0,42,41
3018,0,42,41
3019,0,42,41
3020,0,0,41
3021,0,42,41
3022,0,42,41
3023,41,42,41
3024,0,42,41
3025,0,0,41
3026,0,42,41
3027,0,0,41
3028,0,42,41
3029,0,42,41
3030,0,42,41
3031,0,42,41
3032,0,42,41
3033,0,42,41
3034,0,42,41
3035,0,42,41
3036,41,42,41
3037,0,42,41
3038,42,42,0
3039,0,42,41
3040,0,42,41
3041,0,42,41
3042,0,42,41
3043,0,42,41
3044,0,42,41
3045,0,42,41
3046,0,42,41
3047,0,42,41
3048,0,42,41
3049,41,42,41
3050,0,42,41
3051,0,42,41
3052,0,42,41
3053,0,42,41
3054,0,42,41
3055,0,0,41
3056,42,41,42
3057,0,0,0
3058,0,42,41
3059,0,42,41
3060,0,42,41
3061,0,42,41
3062,41,0,41
3063,0,42,41
3064,0,42,41
3065,0,42,41
3066,0,42,41
3067,41,0,41
3068,0,42,41
3069,41,42,41
3070,0,42,41
3071,41,0,41
3072,41,0,41
3073,0,42,41
3074,0,0,41
3075,0,42,41
3076,0,42,41
3077,0,42,41
3078,41,42,41
3079,0,42,0
3080,42,42,0
3081,0,42,41
3082,0,42,41
3083,0,42,41
3084,0,42,41
3085,0,42,41
3086,0,42,41
3087,0,42,41
3088,0,42,41
3089,0,42,41
3090,0,42,41
3091,0,42,0
3092,0,42,41
3093,0,42,41
3094,0,42,41
3095,0,42,41
3096,0,42,41
3097,0,42,41
3098,0,42,41
3099,0,42,41
3100,0,42,41
3101,0,42,41
3102,0,42,41
3103,0,42,41
3104,0,42,41
3105,41,0,41
3106,0,42,41
3107,0,42,41
3108,41,0,41
3109,0,42,41
3110,0,42,41
3111,0,42,41
3112,0,42,41
3113,0,42,41
3114,0,42,41
3115,0,42,41
3116,0,42,41
3117,0,42,41
3118,0,42,41
3119,0,42,41
3120,41,0,41
3121,0,42,41
3122,0,42,41
3123,41,0,41
3124,41,0,41
3125,41,42,41
3126,0,42,0
3127,0,42,41
3128,41,0,41
3129,41,42,41
3130,41,42,41
3131,0,42,41
3132,0,42,41
3133,0,42,41
3134,41,0,41
3135,41,42,41
3136,0,42,0
3137,41,42,41
3138,0,42,41
3139,0,42,41
3140,0,42,41
3141,0,42,41
3142,0,42,41
3143,0,42,41
3144,41,42,41
3145,0,42,41
3146,0,42,41
3147,0,42,41
3148,0,42,41
3149,41,0,41
3150,41,42,41
3151,0,42,41
3152,0,42,41
3153,0,42,41
3154,41,0,41
3155,41,42,41
3156,0,42,41
3157,0,42,41
3158,0,42,41
3159,0,42,41
3160,0,42,41
3161,41,42,41
3162,0,0,41
3163,0,42,41
3164,41,0,41
3165,41,0,41
3166,0,42,41
3167,0,42,41
3168,0,42,41
3169,0,42,41
3170,0,42,41
3171,0,42,41
3172,0,42,41
3173,0,42,41
3174,0,42,41
3175,0,42,41
3176,41,42,41
3177,0,0,41
3178,41,42,41
3179,0,42,41
3180,41,42,41
3181,0,42,41
3182,0,42,41
3183,0,42,41
3184,0,42,41
3185,0,42,41
3186,0,42,41
3187,0,42,41
3188,0,42,41
3189,0,42,41
3190,0,42,41
3191,0,42,41
3192,0,42,41
3193,41,0,41
3194,42,42,0
3195,0,42,41
3196,41,42,41
3197,0,42,41
3198,0,42,41
3199,0,42,41
3200,0,42,41
3201,0,42,41
3202,0,42,41
3203,0,0,41
3204,0,0,41
3205,0,0,41
3206,0,42,41
3207,0,42,41
3208,0,42,41
3209,0,42,41
3210,0,42,41
3211,0,42,41
3212,0,42,41
3213,42,42,0
3214,42,42,0
3215,0,42,41
3216,0,42,41
3217,0,42,41
3218,0,42,41
3219,0,42,41
3220,0,42,41
3221,0,42,41
3222,0,42,41
3223,0,42,41
3224,41,0,41
3225,0,42,41
3226,0,42,41
3227,0,42,41
3228,0,42,41
3229,0,42,41
3230,0,42,41
3231,41,42,41
3232,0,42,41
3233,0,42,41
3234,0,42,41
3235,0,42,41
3236,0,42,41
3237,0,42,41
3238,0,42,41
3239,41,0,41
3240,42,42,0
3241,41,0,41
3242,0,42,41
3243,0,42,41
3244,0,42,41
3245,0,42,0
3246,41,0,41
3247,42,42,0
3248,41,42,41
3249,0,42,41
3250,0,42,41
3251,0,42,41
3252,0,42,0
3253,0,42,41
3254,0,42,41
3255,0,42,41
3256,41,0,41
3257,0,42,41
3258,0,0,41
3259,41,0,41
3260,41,42,41
3261,0,42,41
3262,0,0,41
3263,0,42,41
3264,0,42,41
3265,0,42,41
3266,0,42,41
3267,0,42,41
3268,0,42,41
3269,0,42,41
3270,0,42,41
3271,41,0,41
3272,0,42,41
3273,0,42,41
3274,0,42,0
3275,0,42,41
3276,0,0,41
3277,0,42,41
3278,0,42,41
3279,0,42,41
3280,0,42,41
3281,41,0,41
3282,0,42,41
3283,0,42,41
3284,0,42,41
3285,0,42,41
3286,0,42,41
3287,0,42,41
3288,0,42,0
3289,41,0,41
3290,0,42,0
3291,0,42,41
3292,0,42,41
3293,0,42,41
3294,0,42,41
3295,0,42,41
3296,0,42,41
3297,0,42,0
3298,0,42,41
3299,0,42,41
3300,0,0,41
3301,0,42,0
3302,0,42,41
3303,0,42,41
3304,0,42,41
3305,0,42,41
3306,41,0,41
3307,0,42,41
3308,0,42,41
3309,0,42,41
3310,42,42,0
3311,0,42,41
3312,0,42,41
3313,0,42,41
3314,0,42,41
3315,0,42,41
3316,0,42,41
3317,0,42,41
3318,0,42,41
3319,0,42,41
3320,0,42,41
3321,0,42,41
3322,0,0,41
3323,41,0,41
3324,0,42,41
3325,0,0,41
3326,41,0,41
3327,0,42,42
3328,0,42,41
3329,0,42,0
3330,41,42,41
3331,0,42,41
3332,0,42,41
3333,0,42,41
3334,0,42,41
3335,0,0,41
3336,0,42,41
3337,0,42,41
3338,41,0,41
3339,0,42,41
3340,0,42,41
3341,0,42,0
3342,0,42,41
3343,41,42,41
3344,0,42,41
3345,0,42,41
3346,42,42,0
3347,0,42,41
3348,0,42,41
3349,0,42,41
3350,0,42,41
3351,0,42,41
3352,0,42,41
3353,0,42,41
3354,0,42,41
3355,41,42,41
3356,0,42,41
3357,0,42,41
3358,0,42,41
3359,0,42,41
3360,0,42,41
3361,0,42,41
3362,0,42,41
3363,0,42,41
3364,0,42,41
3365,0,42,41
3366,41,0,41
3367,41,42,41
3368,41,42,41
3369,42,42,0
3370,0,42,41
3371,0,42,41
3372,0,42,41
3373,0,0,41
3374,0,42,41
3375,0,42,41
3376,41,42,41
3377,0,42,41
3378,41,0,41
3379,0,42,41
3380,0,42,41
3381,0,42,41
3382,0,42,41
3383,0,42,41
3384,41,0,41
3385,41,0,41
3386,0,42,41
3387,0,42,41
3388,0,41,42
3389,0,42,41
3390,0,42,41
3391,42,42,0
3392,0,42,41
3393,0,42,41
3394,0,42,41
3395,0,42,41
3396,41,0,41
3397,0,42,41
3398,41,0,41
3399,41,42,41
3400,0,42,41
3401,0,42,41
3402,0,42,41
3403,0,42,41
3404,0,42,41
3405,0,42,41
3406,42,42,0
3407,41,42,41
3408,0,42,41
3409,0,42,41
3410,0,42,41
3411,0,42,41
3412,0,42,41
3413,0,42,41
3414,0,42,0
3415,0,0,41
3416,41,42,41
3417,0,42,41
3418,0,42,41
3419,0,42,41
3420,0,42,0
3421,42,42,0
3422,0,42,41
3423,0,0,41
3424,0,42,41
3425,41,42,41
3426,0,42,41
3427,42,42,0
3428,41,0,41
3429,42,42,42
3430,42,41,42
3431,42,41,42
3432,0,42,42
3433,0,42,42
3434,42,83,42
3435,42,83,84
3436,0,42,42
3437,42,41,42
3438,42,83,42
3439,0,42,41
3440,0,42,41
3441,0,42,41
3442,0,42,41
3443,0,42,41
3444,0,42,41
3445,0,42,41
3446,0,42,41
3447,41,0,41
3448,0,42,41
3449,0,42,0
3450,0,42,0
3451,0,42,0
3452,41,42,41
3453,41,0,41
3454,42,42,0
3455,0,42,0
3456,42,41,42
3457,42,41,42
3458,42,41,42
3459,42,41,42
3460,42,41,42
3461,0,41,42
3462,42,41,42
3463,0,41,42
3464,42,83,84
3465,42,41,42
3466,42,41,42
3467,42,41,42
3468,0,42,41
3469,0,42,0
3470,41,42,41
3471,0,42,41
3472,42,42,42
3473,0,42,42
3474,0,42,41
3475,0,42,41
3476,0,42,0
3477,0,42,0
3478,42,42,41
3479,42,42,42
3480,42,83,83
3481,0,42,41
3482,83,41,42
3483,0,42,42
3484,0,42,0
3485,42,83,42
3486,0,42,41
3487,0,42,41
3488,0,42,41
3489,0,42,41
3490,42,41,42
3491,0,42,0
3492,0,42,41
3493,0,42,41
3494,0,42,41
3495,0,42,41
3496,0,42,0
3497,0,42,0
3498,42,42,42
3499,0,42,42
3500,0,42,41
3501,0,42,41
3502,0,42,41
3503,0,42,41
3504,0,42,41
3505,41,42,41
3506,41,42,41
3507,0,0,41
3508,0,42,41
3509,0,0,41
3510,41,42,41
3511,0,42,41
3512,41,0,41
3513,41,42,41
3514,0,42,41
3515,0,42,41
3516,0,42,41
3517,41,0,41
3518,0,42,41
3519,0,42,41
3520,0,42,41
3521,0,42,0
3522,41,0,41
3523,0,42,41
3524,0,42,41
3525,41,0,41
3526,41,42,41
3527,42,42,0
3528,41,42,41
3529,0,42,41
3530,0,42,41
3531,41,42,41
3532,41,42,41
3533,0,42,41
3534,0,42,41
3535,0,42,41
3536,0,42,41
3537,0,0,41
3538,0,42,41
3539,0,42,41
3540,0,42,41
3541,0,42,41
3542,0,0,41
3543,0,42,41
3544,0,0,41
3545,41,42,41
3546,0,42,41
3547,0,42,41
3548,41,42,41
3549,0,42,41
3550,0,42,41
3551,0,42,41
3552,41,42,41
3553,0,42,41
3554,0,42,41
3555,0,42,41
3556,42,41,84
3557,0,0,0
3558,0,0,0
3559,0,0,0
3560,42,41,83
3561,42,41,42
3562,0,42,42
3563,42,41,42
3564,42,83,42
3565,42,41,42
3566,42,41,42
3567,42,41,42
3568,0,42,41
3569,0,42,41
3570,0,42,41
3571,0,42,41
3572,0,42,41
3573,0,42,41
3574,0,42,41
3575,0,42,41
3576,0,42,41
3577,41,42,41
3578,0,42,42
3579,0,42,41
3580,42,42,0
3581,41,42,41
3582,0,42,41
3583,0,42,41
3584,0,42,41
3585,0,42,41
3586,0,42,41
3587,41,42,41
3588,0,42,0
3589,0,42,41
3590,0,42,41
3591,0,42,41
3592,0,42,41
3593,41,0,41
3594,41,0,41
3595,0,42,41
3596,41,0,41
3597,41,42,41
3598,0,42,41
3599,0,42,41
3600,0,42,41
3601,0,42,0
3602,0,42,41
3603,0,0,41
3604,0,42,41
3605,0,42,41
3606,0,42,41
3607,0,42,41
3608,0,42,41
3609,0,42,41
3610,0,42,41
3611,0,42,41
3612,0,42,41
3613,0,42,41
3614,41,42,41
3615,0,42,41
3616,0,42,41
3617,0,42,41
3618,41,42,41
3619,0,42,41
3620,0,42,41
3621,41,0,41
3622,0,42,41
3623,0,42,41
3624,0,42,41
3625,0,42,41
3626,0,42,41
3627,41,0,41
3628,0,42,41
3629,0,42,41
3630,0,42,41
3631,0,42,41
3632,0,42,41
3633,0,42,41
3634,41,42,41
3635,41,42,41
3636,0,42,41
3637,0,42,41
3638,0,42,41
3639,0,42,41
3640,0,42,41
3641,0,0,41
3642,0,42,41
3643,0,42,41
3644,0,42,41
3645,41,0,41
3646,0,42,41
3647,41,0,41
3648,0,42,41
3649,0,42,41
3650,0,42,41
3651,0,42,41
3652,0,42,41
3653,0,42,41
3654,42,42,0
3655,41,42,41
3656,0,42,41
3657,0,42,0
3658,0,42,41
3659,0,42,41
3660,0,42,41
3661,0,42,41
3662,0,0,41
3663,41,42,41
3664,0,42,41
3665,0,42,41
3666,0,42,0
3667,0,42,41
3668,0,0,41
3669,0,42,41
3670,0,42,41
3671,0,42,41
3672,42,42,0
3673,0,42,41
3674,0,42,41
3675,0,42,41
3676,0,42,41
3677,0,0,41
3678,0,42,41
3679,0,42,41
3680,0,42,41
3681,0,42,41
3682,0,42,41
3683,0,42,41
3684,0,42,41
3685,41,0,41
3686,0,42,41
3687,0,42,41
3688,0,42,41
3689,0,0,41
3690,0,42,41
3691,0,42,41
3692,41,0,41
3693,0,42,41
3694,0,42,41
3695,41,0,41
3696,41,0,41
3697,0,42,41
3698,0,0,41
3699,41,0,41
3700,0,42,41
3701,0,42,41
3702,0,42,41
3703,0,0,41
3704,0,42,41
3705,41,0,41
3706,0,42,41
3707,0,42,41
3708,41,42,41
3709,41,0,41
3710,0,0,41
3711,41,0,41
3712,0,42,41
3713,0,42,41
3714,0,0,41
3715,41,0,41
3716,42,42,0
3717,0,42,41
3718,0,42,41
3719,0,42,41
3720,0,42,41
3721,41,42,41
3722,0,42,41
3723,0,42,41
3724,0,42,41
3725,0,42,41
3726,0,42,41
3727,0,42,41
3728,0,42,41
3729,0,42,41
3730,41,0,41
3731,41,42,41
3732,0,42,41
3733,0,42,41
3734,0,0,41
3735,0,42,41
3736,0,42,41
3737,0,42,41
3738,0,42,41
3739,41,0,41
3740,41,42,41
3741,0,42,41
3742,0,42,41
3743,0,42,41
3744,41,0,41
3745,0,42,41
3746,0,42,41
3747,0,42,41
3748,41,0,41
3749,0,42,41
3750,0,42,41
3751,0,42,41
3752,41,42,41
3753,41,42,41
3754,0,42,41
3755,41,42,41
3756,0,42,41
3757,0,42,41
3758,0,42,41
3759,0,42,41
3760,0,42,41
3761,42,42,0
3762,0,42,41
3763,0,42,41
3764,41,42,41
3765,0,42,41
3766,0,42,41
3767,0,42,41
3768,0,42,41
3769,0,0,41
3770,0,42,41
3771,0,42,41
3772,0,42,41
3773,0,42,41
3774,0,42,41
3775,41,42,41
3776,0,42,41
3777,0,42,41
3778,0,42,41
3779,0,42,41
3780,0,42,41
3781,0,42,41
3782,0,42,41
3783,0,42,41
3784,0,42,41
3785,0,0,41
3786,0,42,41
3787,0,42,41
3788,0,0,41
3789,0,42,41
3790,0,42,41
3791,0,42,41
3792,0,42,41
3793,0,42,41
3794,0,42,41
3795,0,42,41
3796,0,42,41
3797,41,0,41
3798,0,42,41
3799,0,42,41
3800,0,0,42
3801,0,42,41
3802,0,42,0
3803,0,42,41
3804,0,42,41
3805,0,42,41
3806,0,42,41
3807,0,0,41
3808,41,42,41
3809,0,42,41
3810,0,42,41
3811,42,42,0
3812,0,0,41
3813,0,42,41
3814,0,42,41
3815,0,42,41
3816,0,42,41
3817,0,42,0
3818,0,42,41
3819,0,42,41
3820,0,42,41
3821,0,0,41
3822,0,42,41
3823,41,42,41
3824,0,42,0
3825,0,42,41
3826,0,42,0
3827,42,42,0
3828,41,0,41
3829,0,42,41
3830,0,42,41
3831,0,42,41
3832,41,0,41
3833,0,42,41
3834,0,0,41
3835,0,42,41
3836,0,0,41
3837,0,42,41
3838,41,0,41
3839,0,42,41
3840,0,42,41
3841,0,42,41
3842,0,42,41
3843,0,42,41
3844,0,42,41
3845,0,42,41
3846,0,0,41
3847,41,0,41
3848,41,42,41
3849,0,42,41
3850,41,0,41
3851,0,42,41
3852,0,0,41
3853,0,42,41
3854,0,42,41
3855,0,42,41
3856,0,42,41
3857,0,42,41
3858,41,0,41
3859,0,0,41
3860,0,42,41
3861,0,41,42
3862,0,42,41
3863,0,42,41
3864,41,0,41
3865,0,42,41
3866,0,42,41
3867,0,42,41
3868,42,42,0
3869,0,42,41
3870,0,42,41
3871,0,42,41
3872,0,42,41
3873,0,42,41
3874,0,42,41
3875,41,0,41
3876,42,42,0
3877,0,42,41
3878,0,42,41
3879,0,42,41
3880,0,42,41
3881,0,42,41
3882,0,42,41
3883,0,42,41
3884,0,42,41
3885,0,42,41
3886,0,42,41
3887,0,42,41
3888,0,42,41
3889,0,42,41
3890,41,0,41
3891,41,42,41
3892,0,42,41
3893,41,0,41
3894,41,0,41
3895,0,42,41
3896,41,42,41
3897,0,42,41
3898,0,42,41
3899,0,42,41
3900,0,42,41
3901,0,42,41
3902,0,42,0
3903,0,42,41
3904,0,42,41
3905,0,42,41
3906,42,42,0
3907,41,42,41
3908,0,42,41
3909,0,42,41
3910,42,42,0
3911,42,42,0
3912,0,42,41
3913,41,0,41
3914,0,42,41
3915,0,42,41
3916,0,42,41
3917,0,42,41
3918,0,42,41
3919,0,42,41
3920,0,42,0
3921,42,42,0
3922,0,42,41
3923,0,42,41
3924,41,42,41
3925,0,42,41
3926,0,42,41
3927,0,42,41
3928,0,42,41
3929,0,42,41
3930,0,42,41
3931,0,42,41
3932,0,42,41
3933,0,42,41
3934,0,42,41
3935,0,0,41
3936,0,42,0
3937,0,42,41
3938,0,42,41
3939,41,42,41
3940,0,42,41
3941,0,42,41
3942,0,0,41
3943,0,42,0
3944,0,42,41
3945,0,42,41
3946,0,42,41
3947,41,42,41
3948,0,42,41
3949,0,42,41
3950,0,42,41
3951,0,42,41
3952,0,42,41
3953,0,0,41
3954,41,42,41
3955,41,42,41
3956,0,42,41
3957,0,42,41
3958,0,42,41
3959,0,42,41
3960,0,42,41
3961,0,42,41
3962,0,42,41
3963,0,42,41
3964,0,42,41
3965,41,0,41
3966,0,42,41
3967,0,42,41
3968,41,0,41
3969,0,42,41
3970,0,42,41
3971,0,42,0
3972,42,42,0
3973,0,42,41
3974,0,42,41
3975,41,0,41
3976,0,42,41
3977,0,42,41
3978,41,0,41
3979,0,42,41
3980,0,42,41
3981,41,42,41
3982,0,42,41
3983,41,42,41
3984,41,42,41
3985,0,42,41
3986,0,0,41
3987,0,42,41
3988,0,42,41
3989,41,42,41
3990,0,42,41
3991,0,42,41
3992,0,42,41
3993,0,42,41
3994,0,0,41
3995,0,42,41
3996,42,42,0
3997,0,42,41
3998,0,42,41
3999,0,42,41
4000,0,42,0
4001,42,42,0
4002,0,0,41
4003,0,42,41
4004,0,42,41
4005,0,42,41
4006,0,42,41
4007,0,42,41
4008,0,0,41
4009,41,42,41
4010,0,42,41
4011,0,42,41
4012,41,0,41
4013,0,42,41
4014,41,42,41
4015,0,42,41
4016,0,42,41
4017,0,42,41
4018,0,42,41
4019,0,42,0
4020,0,42,41
4021,0,42,41
4022,0,42,41
4023,0,42,41
4024,0,42,41
4025,0,42,41
4026,0,42,41
4027,0,42,41
4028,0,42,41
4029,0,42,41
4030,0,42,41
4031,0,0,41
4032,41,42,41
4033,0,42,41
4034,41,42,41
4035,0,42,41
4036,0,42,41
4037,0,42,41
4038,41,0,41
4039,0,42,41
4040,0,42,41
4041,0,42,41
4042,0,42,41
4043,0,42,41
4044,0,42,41
4045,0,42,0
4046,0,42,41
4047,0,42,41
4048,0,42,41
4049,0,42,41
4050,0,42,41
4051,0,42,41
4052,0,42,41
4053,0,42,41
4054,0,42,41
4055,0,42,41
4056,0,41,42
4057,0,0,0
4058,0,42,41
4059,0,42,41
4060,0,42,41
4061,41,0,41
4062,42,42,0
4063,0,42,41
4064,0,42,41
4065,0,42,41
4066,0,42,41
4067,0,42,41
4068,0,42,41
4069,0,42,41
4070,41,0,41
4071,0,42,41
4072,0,42,41
4073,41,0,41
4074,0,0,41
4075,42,42,0
4076,0,42,41
4077,0,42,41
4078,41,0,41
4079,0,42,41
4080,0,42,41
4081,0,42,41
4082,0,42,41
4083,41,0,41
4084,0,0,41
4085,41,42,41
4086,0,42,0
4087,0,42,41
4088,0,42,41
4089,0,42,41
4090,41,0,41
4091,42,42,0
4092,41,0,41
4093,42,42,0
4094,41,0,41
4095,0,42,41
4096,0,42,41
4097,0,42,41
4098,41,0,41
4099,0,42,41
4100,0,42,41
4101,0,0,41
4102,0,42,41
4103,0,42,41
4104,0,42,41
4105,0,42,41
4106,41,0,41
4107,41,42,41
4108,0,42,41
4109,0,42,41
4110,0,42,41
4111,0,42,41
4112,0,42,41
4113,42,42,0
4114,0,42,41
4115,42,42,0
4116,0,42,41
4117,42,42,0
4118,0,42,41
4119,41,42,41
4120,0,42,41
4121,0,42,41
4122,0,42,41
4123,0,42,41
4124,0,0,41
4125,41,42,41
4126,0,0,41
4127,0,42,41
4128,0,42,41
4129,41,0,41
4130,41,42,41
4131,0,42,41
4132,0,42,41
4133,0,42,41
4134,0,0,41
4135,41,0,41
4136,0,42,41
4137,0,42,41
4138,41,0,41
4139,0,42,41
4140,0,42,41
4141,42,42,0
4142,0,42,41
4143,0,42,41
4144,0,42,41
4145,0,42,41
4146,0,42,41
4147,0,42,41
4148,41,0,41
4149,0,42,41
4150,0,0,41
4151,0,42,41
4152,0,42,41
4153,0,42,41
4154,0,42,41
4155,0,42,41
4156,0,42,41
4157,41,0,41
4158,0,42,41
4159,0,42,41
4160,0,42,41
4161,41,0,41
4162,41,42,41
4163,0,42,41
4164,0,42,41
4165,0,42,41
4166,0,42,41
4167,41,0,41
4168,0,42,41
4169,0,42,41
4170,0,42,41
4171,41,42,41
4172,0,0,41
4173,0,42,41
4174,0,42,41
4175,0,42,41
4176,0,42,41
4177,0,42,41
4178,42,83,42
4179,42,83,42
4180,42,83,42
4181,42,83,42
4182,42,41,42
4183,42,83,42
4184,0,42,42
4185,0,42,42
4186,42,41,42
4187,42,83,42
4188,42,42,42
4189,42,41,42
4190,41,0,41
4191,41,42,41
4192,0,42,41
4193,0,42,41
4194,0,42,41
4195,0,42,41
4196,0,42,0
4197,0,42,41
4198,0,42,41
4199,0,42,41
4200,0,42,41
4201,0,42,41
4202,0,42,41
4203,0,42,41
4204,0,42,41
4205,42,41,42
4206,42,41,42
4207,42,41,42
4208,0,83,83
4209,42,41,42
4210,0,42,42
4211,42,41,42
4212,42,83,42
4213,42,41,42
4214,42,41,42
4215,42,41,42
4216,42,41,42
4217,42,41,42
4218,42,41,42
4219,42,41,42
4220,42,41,42
4221,42,41,42
4222,42,41,42
4223,42,83,84
4224,42,41,42
4225,42,83,83
4226,42,41,42
4227,42,42,0
4228,0,42,41
4229,41,0,41
4230,41,0,41
4231,41,0,41
4232,41,0,41
4233,0,42,41
4234,0,42,41
4235,0,42,41
4236,0,42,0
4237,0,42,41
4238,0,42,41
4239,41,42,41
4240,0,42,41
4241,0,42,41
4242,0,42,41
4243,0,42,41
4244,0,42,41
4245,0,42,41
4246,41,42,41
4247,0,42,0
4248,41,42,41
4249,0,42,41
4250,0,42,41
4251,0,42,41
4252,0,42,41
4253,0,42,41
4254,0,42,0
4255,0,42,0
4256,0,42,41
4257,41,42,41
4258,0,42,41
4259,0,42,41
4260,0,42,41
4261,0,42,41
4262,0,42,0
4263,0,42,41
4264,0,42,41
4265,0,42,41
4266,0,42,0
4267,41,0,41
4268,41,0,41
4269,0,42,41
4270,0,42,41
4271,0,42,41
4272,0,42,41
4273,0,42,41
4274,0,42,41
4275,0,42,41
4276,0,42,41
4277,0,42,41
4278,0,42,41
4279,0,42,41
4280,0,42,0
4281,41,42,41
4282,0,42,0
4283,41,0,41
4284,0,42,41
4285,0,42,41
4286,42,42,0
4287,0,42,41
4288,41,0,41
4289,0,42,41
4290,41,0,41
4291,0,42,41
4292,0,42,41
4293,41,0,41
4294,41,0,41
4295,41,0,41
4296,0,42,0
4297,0,42,0
4298,0,42,41
4299,0,42,41
4300,0,42,41
4301,0,42,41
4302,0,42,41
4303,0,42,0
4304,0,42,0
4305,42,42,0
4306,0,42,41
4307,0,42,41
4308,41,0,41
4309,42,42,0
4310,41,0,41
4311,0,42,41
4312,0,42,41
4313,0,42,41
4314,0,42,41
4315,0,42,41
4316,42,42,0
4317,0,42,41
4318,0,42,41
4319,0,42,41
4320,0,42,41
4321,0,42,0
4322,0,42,41
4323,0,42,41
4324,0,42,41
4325,0,42,0
4326,0,42,41
4327,0,42,41
4328,0,42,41
4329,0,42,41
4330,41,42,41
4331,41,0,41
4332,0,42,41
4333,0,42,41
4334,0,42,41
4335,0,42,0
4336,41,42,41
4337,0,42,0
4338,0,42,0
4339,0,42,41
4340,41,0,41
4341,0,42,0
4342,41,42,41
4343,0,42,41
4344,0,42,41
4345,0,42,0
4346,0,42,0
4347,41,0,41
4348,0,42,41
4349,41,0,41
4350,0,42,41
4351,0,42,41
4352,0,42,41
4353,0,42,41
4354,41,0,41
4355,41,0,41
4356,0,42,41
4357,0,42,41
4358,0,42,41
4359,0,42,41
4360,0,42,0
4361,41,0,41
4362,0,42,41
4363,0,42,41
4364,0,42,41
4365,0,42,41
4366,0,42,41
4367,0,42,41
4368,41,42,41
4369,41,42,41
4370,0,42,41
4371,42,42,0
4372,41,42,41
4373,0,42,41
4374,83,41,42
4375,0,42,41
4376,0,42,41
4377,0,42,41
4378,0,42,41
4379,0,42,41
4380,42,42,0
4381,42,42,0
4382,42,83,83
4383,42,42,0
4384,0,42,41
4385,0,42,41
4386,83,41,42
4387,0,42,41
4388,0,42,41
4389,0,42,41
4390,0,42,0
4391,41,0,41
4392,41,0,41
4393,0,42,41
4394,0,42,41
4395,41,0,41
4396,41,0,41
4397,0,42,41
4398,0,42,41
4399,0,42,41
4400,0,42,41
4401,0,42,41
4402,0,42,41
4403,0,42,41
4404,0,42,41
4405,0,42,41
4406,0,42,41
4407,0,42,41
4408,0,42,41
4409,0,42,41
4410,0,42,0
4411,42,42,42
4412,0,42,41
4413,0,42,0
4414,0,42,41
4415,0,42,0
4416,41,42,41
4417,41,42,41
4418,0,42,41
4419,0,42,41
4420,42,42,41
4421,83,41,42
4422,42,0,291
4423,42,250,84
4424,42,41,42
4425,41,42,42
4426,0,42,41
4427,0,42,41
4428,0,42,41
4429,41,42,41
4430,41,0,41
4431,0,42,41
4432,0,42,0
4433,42,42,0
4434,42,41,42
4435,41,42,41
4436,0,42,41
4437,0,42,41
4438,0,42,0
4439,0,42,41
4440,0,42,0
4441,0,42,41
4442,0,42,0
4443,0,42,41
4444,0,42,41
4445,83,41,42
4446,0,42,0
4447,41,0,41
4448,0,42,41
4449,0,42,41
4450,0,42,41
4451,0,42,41
4452,0,42,41
4453,0,42,41
4454,0,42,41
4455,0,42,41
4456,0,0,0
4457,0,0,0
4458,0,0,0
4459,0,42,41
4460,41,42,41
4461,0,42,41
4462,0,42,41
4463,0,42,41
4464,41,42,41
4465,41,83,84
4466,42,42,41
4467,41,83,84
4468,42,83,83
4469,83,41,42
4470,41,125,83
4471,42,83,42
4472,42,42,41
4473,41,83,84
4474,0,125,167
4475,83,41,42
4476,41,83,84
4477,0,42,41
4478,0,42,0
4479,0,42,41
4480,42,83,84
4481,0,42,42
4482,42,83,42
4483,42,83,84
4484,42,83,42
4485,42,41,42
4486,125,83,83
4487,0,0,0
4488,0,0,0
4489,0,0,0
4490,125,83,83
4491,83,41,83
4492,42,291,83
4493,42,41,42
4494,83,41,83
4495,42,42,41
4496,0,42,42
4497,83,41,42
4498,83,41,42
4499,83,41,42
4500,42,334,42
4501,41,83,84
4502,83,41,42
4503,83,41,42
4504,84,333,42
4505,42,84,83
4506,83,41,42
4507,84,167,166
4508,84,42,41
4509,42,84,83
4510,83,41,42
4511,83,83,250
4512,83,42,42
4513,83,41,42
4514,83,41,83
4515,333,42,42
4516,42,83,83
4517,41,83,84
4518,83,41,42
4519,83,41,42
4520,83,41,42
4521,83,41,42
4522,83,83,83
4523,83,41,42
4524,83,41,42
4525,83,41,83
4526,83,83,83
4527,41,83,84
4528,83,41,42
4529,83,41,42
4530,333,42,42
4531,0,41,42
4532,83,41,42
4533,0,42,41
4534,83,83,83
4535,83,41,42
4536,42,250,83
4537,83,41,42
4538,83,41,42
4539,83,83,83
4540,83,41,42
4541,41,83,42
4542,41,41,42
4543,83,41,42
4544,0,42,41
4545,83,41,42
4546,41,83,84
4547,83,83,83
4548,83,41,42
4549,250,84,42
4550,42,83,83
4551,0,42,41
4552,42,42,42
4553,41,83,125
4554,83,41,83
4555,84,416,208
4556,0,0,0
4557,0,0,0
4558,0,0,0
4559,0,0,0
4560,0,0,0
4561,125,83,375
4562,84,125,42
4563,84,84,125
4564,83,375,83
4565,42,41,42
4566,84,83,83
4567,42,41,42
4568,42,41,42
4569,83,83,125
4570,83,83,83
4571,83,83,83
4572,84,84,84
4573,42,83,42
4574,84,84,84
4575,42,83,42
4576,84,83,84
4577,42,83,84
4578,42,41,42
4579,83,83,83
4580,42,83,84
4581,42,41,42
4582,84,83,84
4583,0,42,42
4584,83,83,83
4585,84,84,84
4586,42,41,42
4587,0,42,41
4588,83,41,42
4589,0,42,41
4590,0,42,0
4591,84,42,41
4592,83,41,42
4593,83,41,42
4594,41,0,41
4595,0,42,41
4596,0,42,41
4597,250,41,84
4598,0,42,41
4599,0,42,41
4600,83,41,42
4601,83,41,42
4602,0,42,0
4603,41,41,42
4604,41,41,42
4605,0,42,41
4606,0,42,41
4607,83,42,42
4608,0,42,41
4609,0,42,41
4610,0,42,41
4611,41,83,84
4612,0,42,41
4613,83,41,42
4614,0,42,41
4615,0,42,41
4616,41,41,42
4617,0,42,41
4618,0,42,41
4619,83,42,42
4620,42,42,0
4621,208,41,42
4622,83,41,42
4623,83,41,42
4624,83,42,42
4625,83,41,42
4626,83,41,42
4627,42,83,83
4628,83,41,42
4629,83,41,42
4630,83,41,42
4631,42,250,42
4632,42,42,42
4633,41,41,42
4634,41,42,41
4635,0,42,41
4636,41,83,84
4637,0,42,41
4638,83,41,42
4639,41,83,84
4640,0,42,41
4641,41,83,84
4642,41,41,42
4643,42,83,42
4644,42,42,41
4645,0,42,41
4646,83,41,42
4647,83,41,42
4648,0,42,41
4649,0,42,41
4650,83,41,42
4651,83,41,42
4652,42,42,42
4653,83,41,42
4654,0,42,41
4655,83,41,42
4656,41,41,84
4657,83,41,42
4658,42,84,83
4659,0,42,41
4660,83,42,42
4661,41,41,42
4662,83,41,42
4663,41,250,42
4664,83,41,42
4665,83,41,42
4666,41,83,84
4667,84,250,42
4668,42,42,42
4669,42,83,83
4670,0,42,41
4671,83,42,42
4672,83,41,42
4673,84,250,42
4674,83,42,42
4675,83,41,42
4676,83,41,42
4677,42,83,83
4678,42,83,83
4679,83,41,42
4680,83,41,42
4681,0,42,41
4682,83,41,42
4683,42,125,125
4684,42,83,42
4685,0,42,41
4686,0,42,41
4687,41,83,84
4688,41,0,41
4689,41,0,41
4690,41,0,41
4691,41,42,41
4692,83,41,42
4693,0,42,41
4694,83,41,42
4695,41,41,42
4696,41,83,84
4697,0,42,41
4698,0,42,41
4699,0,42,41
4700,41,83,41
4701,42,84,125
4702,83,41,42
4703,83,41,42
4704,0,42,41
4705,83,41,42
4706,0,42,42
4707,83,41,42
4708,0,42,41
4709,41,83,84
4710,0,42,41
4711,41,42,41
4712,83,41,42
4713,41,42,41
4714,0,42,41
4715,83,41,42
4716,0,42,41
4717,0,42,41
4718,0,42,41
4719,41,42,41
4720,41,83,84
4721,0,42,41
4722,41,42,41
4723,0,42,41
4724,42,42,41
4725,41,83,84
4726,0,42,41
4727,83,41,42
4728,83,41,42
4729,0,42,41
4730,0,42,41
4731,0,42,41
4732,41,42,41
4733,0,42,83
4734,83,41,42
4735,0,42,41
4736,83,41,42
4737,0,42,41
4738,0,42,41
4739,0,42,0
4740,41,41,42
4741,0,42,41
4742,0,42,41
4743,83,42,42
4744,42,42,125
4745,84,83,83
4746,41,42,0
4747,83,41,42
4748,42,42,0
4749,0,42,41
4750,0,42,0
4751,42,42,0
4752,0,42,41
4753,83,41,42
4754,42,42,0
4755,0,42,41
4756,0,42,0
4757,83,41,42
4758,0,42,0
4759,0,42,41
4760,0,42,0
4761,0,42,0
4762,41,83,84
4763,41,42,41
4764,209,41,42
4765,83,41,42
4766,0,42,41
4767,42,42,0
4768,0,42,0
4769,41,0,41
4770,0,42,41
4771,0,42,41
4772,42,42,0
4773,41,0,41
4774,42,84,83
4775,41,41,84
4776,0,42,41
4777,0,42,41
4778,0,42,41
4779,0,42,41
4780,41,83,84
4781,0,42,41
4782,41,42,41
4783,83,41,42
4784,0,42,41
4785,0,42,0
4786,0,42,41
4787,0,42,41
4788,0,42,41
4789,0,42,41
4790,0,42,41
4791,0,42,41
4792,83,41,42
4793,83,41,42
4794,0,42,0
4795,41,42,41
4796,41,0,41
4797,0,42,41
4798,0,42,41
4799,0,42,41
4800,0,42,41
4801,0,42,41
4802,0,42,41
4803,0,42,41
4804,42,42,42
4805,0,42,41
4806,0,42,0
4807,83,41,42
4808,0,42,41
4809,0,42,0
4810,41,0,41
4811,41,83,84
4812,0,42,41
4813,0,42,41
4814,42,42,42
4815,0,42,41
4816,0,42,41
4817,41,0,41
4818,41,42,41
4819,41,0,41
4820,0,42,0
4821,0,42,41
4822,0,42,41
4823,0,42,41
4824,0,42,41
4825,83,41,42
4826,0,250,42
4827,42,0,42
4828,0,42,41
4829,0,42,0
4830,83,41,42
4831,41,83,84
4832,41,41,42
4833,0,42,41
4834,0,42,41
4835,41,83,84
4836,0,42,41
4837,0,42,0
4838,0,42,41
4839,0,42,41
4840,41,83,84
4841,0,42,41
4842,41,0,41
4843,41,42,41
4844,42,42,0
4845,42,42,0
4846,0,42,41
4847,0,42,41
4848,0,42,41
4849,0,42,0
4850,0,42,41
4851,83,41,42
4852,0,42,41
4853,0,42,41
4854,0,42,41
4855,0,42,0
4856,42,42,42
4857,0,42,41
4858,0,42,0
4859,41,42,41
4860,42,42,0
4861,42,42,42
4862,0,42,41
4863,0,42,41
4864,0,42,41
4865,0,42,41
4866,0,42,41
4867,0,42,41
4868,0,42,41
4869,41,0,41
4870,0,42,41
4871,0,42,41
4872,83,42,42
4873,41,83,84
4874,83,41,42
4875,0,42,41
4876,41,83,84
4877,83,41,42
4878,0,42,41
4879,42,42,0
4880,42,42,0
4881,0,42,0
4882,0,42,41
4883,0,42,41
4884,41,42,41
4885,125,167,42
4886,42,42,42
4887,0,42,41
4888,0,42,41
4889,0,42,0
4890,0,42,0
4891,42,42,42
4892,41,42,41
4893,41,41,42
4894,42,42,0
4895,0,42,41
4896,0,42,41
4897,0,42,41
4898,0,42,41
4899,0,42,41
4900,0,42,41
4901,0,42,41
4902,0,42,41
4903,0,42,41
4904,42,42,0
4905,41,0,41
4906,41,0,41
4907,0,42,41
4908,41,0,41
4909,0,42,41
4910,0,42,41
4911,0,42,0
4912,41,0,41
4913,42,0,42
4914,41,83,84
4915,0,42,41
4916,0,42,41
4917,0,42,41
4918,0,42,0
4919,0,42,0
4920,0,42,41
4921,0,42,41
4922,0,42,41
4923,0,42,41
4924,0,42,41
4925,0,42,0
4926,42,42,0
4927,41,42,41
4928,0,42,41
4929,0,42,41
4930,41,83,84
4931,0,42,0
4932,41,42,41
4933,0,42,41
4934,0,42,41
4935,83,41,42
4936,0,42,41
4937,41,0,41
4938,0,42,0
4939,41,0,41
4940,0,42,41
4941,0,42,41
4942,0,42,41
4943,83,41,42
4944,0,42,41
4945,0,42,41
4946,0,42,41
4947,0,42,41
4948,0,42,41
4949,0,42,0
4950,41,0,41
4951,0,42,41
4952,0,42,41
4953,41,0,292
4954,42,83,42
4955,0,42,0
4956,0,42,41
4957,0,42,41
4958,41,41,42
4959,0,42,41
4960,41,42,41
4961,0,42,41
4962,42,42,0
4963,0,42,41
4964,0,42,41
4965,0,42,41
4966,0,42,0
4967,42,42,0
4968,0,42,0
4969,41,0,41
4970,0,42,41
4971,0,42,41
4972,0,42,41
4973,0,42,41
4974,0,42,41
4975,0,42,41
4976,0,42,41
4977,0,42,41
4978,0,42,41
4979,0,42,41
4980,0,42,41
4981,0,42,41
4982,0,42,41
4983,0,42,41
4984,41,42,41
4985,42,42,42
4986,0,42,0
4987,0,42,41
4988,42,42,0
4989,41,0,41
4990,0,42,41
4991,0,42,41
4992,42,42,0
4993,41,0,41
4994,0,42,0
4995,0,42,41
4996,0,42,41
4997,0,42,41
4998,41,0,41
4999,0,42,41
